processo;num_oficio;email_destino;status;data_envio;hora_envio;registrar_envio;resposta;msg_id;url_oficio;url_processo;url_recebimento;url_baixa;assunto
0004109-80.2025.8.05.0191;;ceapa.pauloafonso@seap.ba.gov.br;;;;;;;;;;;
0004109-80.2025.8.05.0191;061/2026- SEC;ceapa.pauloafonso@seap.ba.gov.br;Enviado;17/04/2026;19:31:51;juntado;;177646510743.16620.16437991396289285446@DESKTOP-JIRCJML;https://projudi.tjba.jus.br/projudi/acoes/VerCumprimento?codCumprimento=5941075;https://projudi.tjba.jus.br/projudi/listagens/DadosProcesso?numeroProcesso=41020255180680;https://projudi.tjba.jus.br/projudi/movimentacao/MovimentarProcesso?numeroProcesso=41020255180680&juntadaAr=true&codDocVinculado=5941075;https://projudi.tjba.jus.br/projudi/movimentacao/MarcaRecebimento?tipo=cumprimento&&codCumprimento=5941075;2ªVSJ - 061/2026- SEC Referente ao Proc Nº: 0004109-80.2025.8.05.0191
0003499-15.2025.8.05.0191;062/2026- SEC;ceapa.pauloafonso@seap.ba.gov.br;Enviado;17/04/2026;19:33:04;juntado;;177646518164.16620.15577558416974974334@DESKTOP-JIRCJML;https://projudi.tjba.jus.br/projudi/acoes/VerCumprimento?codCumprimento=5941078;https://projudi.tjba.jus.br/projudi/listagens/DadosProcesso?numeroProcesso=41020254359087;https://projudi.tjba.jus.br/projudi/movimentacao/MovimentarProcesso?numeroProcesso=41020254359087&juntadaAr=true&codDocVinculado=5941078;https://projudi.tjba.jus.br/projudi/movimentacao/MarcaRecebimento?tipo=cumprimento&&codCumprimento=5941078;2ªVSJ - 062/2026- SEC Referente ao Proc Nº: 0003499-15.2025.8.05.0191
0000538-67.2026.8.05.0191;065/2026 - SEC;jecrim.petrolina@tjpe.jus.br;Enviado;17/04/2026;19:34:20;juntado;;177646525791.16620.4961095606884104723@DESKTOP-JIRCJML;https://projudi.tjba.jus.br/projudi/acoes/VerCumprimento?codCumprimento=5943138;https://projudi.tjba.jus.br/projudi/listagens/DadosProcesso?numeroProcesso=41020260837696;https://projudi.tjba.jus.br/projudi/movimentacao/MovimentarProcesso?numeroProcesso=41020260837696&juntadaAr=true&codDocVinculado=5943138;https://projudi.tjba.jus.br/projudi/movimentacao/MarcaRecebimento?tipo=cumprimento&&codCumprimento=5943138;2ªVSJ - 065/2026 - SEC Referente ao Proc Nº: 0000538-67.2026.8.05.0191
0000697-10.2026.8.05.0191;068/2026- SEC;ceapa.pauloafonso@seap.ba.gov.br;Enviado;17/04/2026;19:34:46;juntado;;177646528286.16620.186931592006236418@DESKTOP-JIRCJML;https://projudi.tjba.jus.br/projudi/acoes/VerCumprimento?codCumprimento=5943709;https://projudi.tjba.jus.br/projudi/listagens/DadosProcesso?numeroProcesso=41020261099718;https://projudi.tjba.jus.br/projudi/movimentacao/MovimentarProcesso?numeroProcesso=41020261099718&juntadaAr=true&codDocVinculado=5943709;https://projudi.tjba.jus.br/projudi/movimentacao/MarcaRecebimento?tipo=cumprimento&&codCumprimento=5943709;2ªVSJ - 068/2026- SEC Referente ao Proc Nº: 0000697-10.2026.8.05.0191
0001813-85.2025.8.05.0191;071/2026- SEC;ciap.pauloafonso@seap.ba.gov.br;Enviado;08/05/2026;17:18:58;juntado;;177827153532.8112.4647466061058582574@DESKTOP-JIRCJML;https://projudi.tjba.jus.br/projudi/acoes/VerCumprimento?codCumprimento=5947507;https://projudi.tjba.jus.br/projudi/listagens/DadosProcesso?numeroProcesso=41020252034526;https://projudi.tjba.jus.br/projudi/movimentacao/MovimentarProcesso?numeroProcesso=41020252034526&juntadaAr=true&codDocVinculado=5947507;https://projudi.tjba.jus.br/projudi/movimentacao/MarcaRecebimento?tipo=cumprimento&&codCumprimento=5947507;2ªVSJ - 071/2026- SEC Referente ao Proc Nº: 0001813-85.2025.8.05.0191
0000199-79.2024.8.05.0191;072/2026- SEC;ciap.pauloafonso@seap.ba.gov.br;Enviado;08/05/2026;17:20:03;juntado;;177827160072.8112.11131849056676976197@DESKTOP-JIRCJML;https://projudi.tjba.jus.br/projudi/acoes/VerCumprimento?codCumprimento=5949624;https://projudi.tjba.jus.br/projudi/listagens/DadosProcesso?numeroProcesso=41020240275124;https://projudi.tjba.jus.br/projudi/movimentacao/MovimentarProcesso?numeroProcesso=41020240275124&juntadaAr=true&codDocVinculado=5949624;https://projudi.tjba.jus.br/projudi/movimentacao/MarcaRecebimento?tipo=cumprimento&&codCumprimento=5949624;2ªVSJ - 072/2026- SEC Referente ao Proc Nº: 0000199-79.2024.8.05.0191
0000155-60.2024.8.05.0191;078/2026- SEC;bpm20.cmd@pm.ba.gov.br;Enviado;08/05/2026;17:21:17;juntado;;177827167396.8112.812450066070024456@DESKTOP-JIRCJML;https://projudi.tjba.jus.br/projudi/acoes/VerCumprimento?codCumprimento=5954835;https://projudi.tjba.jus.br/projudi/listagens/DadosProcesso?numeroProcesso=41020240204686;https://projudi.tjba.jus.br/projudi/movimentacao/MovimentarProcesso?numeroProcesso=41020240204686&juntadaAr=true&codDocVinculado=5954835;https://projudi.tjba.jus.br/projudi/movimentacao/MarcaRecebimento?tipo=cumprimento&&codCumprimento=5954835;2ªVSJ - 078/2026- SEC Referente ao Proc Nº: 0000155-60.2024.8.05.0191
0000857-06.2024.8.05.0191;079/2026- SEC;bpm20.cmd@pm.ba.gov.br;Enviado;08/05/2026;17:22:25;juntado;;177827174239.8112.574809053311006890@DESKTOP-JIRCJML;https://projudi.tjba.jus.br/projudi/acoes/VerCumprimento?codCumprimento=5954917;https://projudi.tjba.jus.br/projudi/listagens/DadosProcesso?numeroProcesso=41020241193029;https://projudi.tjba.jus.br/projudi/movimentacao/MovimentarProcesso?numeroProcesso=41020241193029&juntadaAr=true&codDocVinculado=5954917;https://projudi.tjba.jus.br/projudi/movimentacao/MarcaRecebimento?tipo=cumprimento&&codCumprimento=5954917;2ªVSJ - 079/2026- SEC Referente ao Proc Nº: 0000857-06.2024.8.05.0191
0002578-56.2025.8.05.0191;073/2026- SEC;ciap.pauloafonso@seap.ba.gov.br;Enviado;08/05/2026;17:23:41;juntado;;177827181850.8112.12038514485267142993@DESKTOP-JIRCJML;https://projudi.tjba.jus.br/projudi/acoes/VerCumprimento?codCumprimento=5954968;https://projudi.tjba.jus.br/projudi/listagens/DadosProcesso?numeroProcesso=41020253003363;https://projudi.tjba.jus.br/projudi/movimentacao/MovimentarProcesso?numeroProcesso=41020253003363&juntadaAr=true&codDocVinculado=5954968;https://projudi.tjba.jus.br/projudi/movimentacao/MarcaRecebimento?tipo=cumprimento&&codCumprimento=5954968;2ªVSJ - 073/2026- SEC Referente ao Proc Nº: 0002578-56.2025.8.05.0191
0000439-97.2026.8.05.0191;074/2026- SEC;ciap.pauloafonso@seap.ba.gov.br;Enviado;08/05/2026;17:24:53;juntado;;177827189131.8112.15442581222094380066@DESKTOP-JIRCJML;https://projudi.tjba.jus.br/projudi/acoes/VerCumprimento?codCumprimento=5956949;https://projudi.tjba.jus.br/projudi/listagens/DadosProcesso?numeroProcesso=41020260683124;https://projudi.tjba.jus.br/projudi/movimentacao/MovimentarProcesso?numeroProcesso=41020260683124&juntadaAr=true&codDocVinculado=5956949;https://projudi.tjba.jus.br/projudi/movimentacao/MarcaRecebimento?tipo=cumprimento&&codCumprimento=5956949;2ªVSJ - 074/2026- SEC Referente ao Proc Nº: 0000439-97.2026.8.05.0191
0000506-62.2026.8.05.0191;075/2026- SEC;ciap.pauloafonso@seap.ba.gov.br;Enviado;08/05/2026;17:26:02;juntado;;177827195946.8112.6046196249315233042@DESKTOP-JIRCJML;https://projudi.tjba.jus.br/projudi/acoes/VerCumprimento?codCumprimento=5959247;https://projudi.tjba.jus.br/projudi/listagens/DadosProcesso?numeroProcesso=41020260782124;https://projudi.tjba.jus.br/projudi/movimentacao/MovimentarProcesso?numeroProcesso=41020260782124&juntadaAr=true&codDocVinculado=5959247;https://projudi.tjba.jus.br/projudi/movimentacao/MarcaRecebimento?tipo=cumprimento&&codCumprimento=5959247;2ªVSJ - 075/2026- SEC Referente ao Proc Nº: 0000506-62.2026.8.05.0191
0004191-14.2025.8.05.0191;076/2026- SEC;ciap.pauloafonso@seap.ba.gov.br;Enviado;08/05/2026;17:27:10;juntado;;177827202816.8112.1961085475833195527@DESKTOP-JIRCJML;https://projudi.tjba.jus.br/projudi/acoes/VerCumprimento?codCumprimento=5959272;https://projudi.tjba.jus.br/projudi/listagens/DadosProcesso?numeroProcesso=41020255303118;https://projudi.tjba.jus.br/projudi/movimentacao/MovimentarProcesso?numeroProcesso=41020255303118&juntadaAr=true&codDocVinculado=5959272;https://projudi.tjba.jus.br/projudi/movimentacao/MarcaRecebimento?tipo=cumprimento&&codCumprimento=5959272;2ªVSJ - 076/2026- SEC Referente ao Proc Nº: 0004191-14.2025.8.05.0191
0002994-24.2025.8.05.0191;077/2026- SEC;ciap.pauloafonso@seap.ba.gov.br;Enviado;08/05/2026;17:28:19;juntado;;177827209656.8112.10319926604100971638@DESKTOP-JIRCJML;https://projudi.tjba.jus.br/projudi/acoes/VerCumprimento?codCumprimento=5959285;https://projudi.tjba.jus.br/projudi/listagens/DadosProcesso?numeroProcesso=41020253624473;https://projudi.tjba.jus.br/projudi/movimentacao/MovimentarProcesso?numeroProcesso=41020253624473&juntadaAr=true&codDocVinculado=5959285;https://projudi.tjba.jus.br/projudi/movimentacao/MarcaRecebimento?tipo=cumprimento&&codCumprimento=5959285;2ªVSJ - 077/2026- SEC Referente ao Proc Nº: 0002994-24.2025.8.05.0191
0000155-60.2024.8.05.0191;082/2026- SEC;coordsegcppa@seap.ba.gov.br;Enviado;01/06/2026;13:03:55;juntado;;178032982997.3380.10360394385491208025@DESKTOP-JIRCJML;https://projudi.tjba.jus.br/projudi/acoes/VerCumprimento?codCumprimento=5954834;https://projudi.tjba.jus.br/projudi/listagens/DadosProcesso?numeroProcesso=41020240204686;https://projudi.tjba.jus.br/projudi/movimentacao/MovimentarProcesso?numeroProcesso=41020240204686&juntadaAr=true&codDocVinculado=5954834;https://projudi.tjba.jus.br/projudi/movimentacao/MarcaRecebimento?tipo=cumprimento&&codCumprimento=5954834;2ªVSJ - 082/2026- SEC Referente ao Proc Nº: 0000155-60.2024.8.05.0191
0003383-77.2023.8.05.0191;90/2026- SEC;ciap.pauloafonso@seap.ba.gov.br;Enviado;01/06/2026;13:05:39;juntado;;178032993344.3380.459989682314204419@DESKTOP-JIRCJML;https://projudi.tjba.jus.br/projudi/acoes/VerCumprimento?codCumprimento=5964982;https://projudi.tjba.jus.br/projudi/listagens/DadosProcesso?numeroProcesso=41020234573351;https://projudi.tjba.jus.br/projudi/movimentacao/MovimentarProcesso?numeroProcesso=41020234573351&juntadaAr=true&codDocVinculado=5964982;https://projudi.tjba.jus.br/projudi/movimentacao/MarcaRecebimento?tipo=cumprimento&&codCumprimento=5964982;2ªVSJ - 90/2026- SEC Referente ao Proc Nº: 0003383-77.2023.8.05.0191
0002030-31.2025.8.05.0191;098/2026- SEC;dt.pauloafonso@pcivil.ba.gov.br;Enviado;01/06/2026;13:06:53;;;178033000781.3380.17377390853332105893@DESKTOP-JIRCJML;https://projudi.tjba.jus.br/projudi/acoes/VerCumprimento?codCumprimento=5965125;https://projudi.tjba.jus.br/projudi/listagens/DadosProcesso?numeroProcesso=41020252314340;https://projudi.tjba.jus.br/projudi/movimentacao/MovimentarProcesso?numeroProcesso=41020252314340&juntadaAr=true&codDocVinculado=5965125;https://projudi.tjba.jus.br/projudi/movimentacao/MarcaRecebimento?tipo=cumprimento&&codCumprimento=5965125;2ªVSJ - 098/2026- SEC Referente ao Proc Nº: 0002030-31.2025.8.05.0191
0002467-72.2025.8.05.0191;099/2026- SEC;dt.pauloafonso@pcivil.ba.gov.br;Enviado;01/06/2026;13:07:25;juntado;;178033004035.3380.11824230192394677990@DESKTOP-JIRCJML;https://projudi.tjba.jus.br/projudi/acoes/VerCumprimento?codCumprimento=5966969;https://projudi.tjba.jus.br/projudi/listagens/DadosProcesso?numeroProcesso=41020252836243;https://projudi.tjba.jus.br/projudi/movimentacao/MovimentarProcesso?numeroProcesso=41020252836243&juntadaAr=true&codDocVinculado=5966969;https://projudi.tjba.jus.br/projudi/movimentacao/MarcaRecebimento?tipo=cumprimento&&codCumprimento=5966969;2ªVSJ - 099/2026- SEC Referente ao Proc Nº: 0002467-72.2025.8.05.0191
0000438-15.2026.8.05.0191;081/2026- SEC;bpm20.cmd@pm.ba.gov.br;Enviado;01/06/2026;13:08:48;juntado;;178033012294.3380.15548721562998155258@DESKTOP-JIRCJML;https://projudi.tjba.jus.br/projudi/acoes/VerCumprimento?codCumprimento=5967014;https://projudi.tjba.jus.br/projudi/listagens/DadosProcesso?numeroProcesso=41020260680500;https://projudi.tjba.jus.br/projudi/movimentacao/MovimentarProcesso?numeroProcesso=41020260680500&juntadaAr=true&codDocVinculado=5967014;https://projudi.tjba.jus.br/projudi/movimentacao/MarcaRecebimento?tipo=cumprimento&&codCumprimento=5967014;2ªVSJ - 081/2026- SEC Referente ao Proc Nº: 0000438-15.2026.8.05.0191
0000884-52.2025.8.05.0191;083/2026- SEC;ciap.pauloafonso@seap.ba.gov.br;Enviado;01/06/2026;13:10:16;juntado;;178033021128.3380.9756814894639315954@DESKTOP-JIRCJML;https://projudi.tjba.jus.br/projudi/acoes/VerCumprimento?codCumprimento=5974406;https://projudi.tjba.jus.br/projudi/listagens/DadosProcesso?numeroProcesso=41020250997385;https://projudi.tjba.jus.br/projudi/movimentacao/MovimentarProcesso?numeroProcesso=41020250997385&juntadaAr=true&codDocVinculado=5974406;https://projudi.tjba.jus.br/projudi/movimentacao/MarcaRecebimento?tipo=cumprimento&&codCumprimento=5974406;2ªVSJ - 083/2026- SEC Referente ao Proc Nº: 0000884-52.2025.8.05.0191
0001637-09.2025.8.05.0191;087/2026- SEC;ciap.pauloafonso@seap.ba.gov.br;Enviado;01/06/2026;13:11:29;;;178033028296.3380.2173284714065225396@DESKTOP-JIRCJML;https://projudi.tjba.jus.br/projudi/acoes/VerCumprimento?codCumprimento=5976245;https://projudi.tjba.jus.br/projudi/listagens/DadosProcesso?numeroProcesso=41020251788593;https://projudi.tjba.jus.br/projudi/movimentacao/MovimentarProcesso?numeroProcesso=41020251788593&juntadaAr=true&codDocVinculado=5976245;https://projudi.tjba.jus.br/projudi/movimentacao/MarcaRecebimento?tipo=cumprimento&&codCumprimento=5976245;2ªVSJ - 087/2026- SEC Referente ao Proc Nº: 0001637-09.2025.8.05.0191
0003099-35.2024.8.05.0191;088/2026- SEC;ciap.pauloafonso@seap.ba.gov.br;Enviado;01/06/2026;13:12:00;juntado;;178033031085.3380.301507912539541733@DESKTOP-JIRCJML;https://projudi.tjba.jus.br/projudi/acoes/VerCumprimento?codCumprimento=5976246;https://projudi.tjba.jus.br/projudi/listagens/DadosProcesso?numeroProcesso=41020243903870;https://projudi.tjba.jus.br/projudi/movimentacao/MovimentarProcesso?numeroProcesso=41020243903870&juntadaAr=true&codDocVinculado=5976246;https://projudi.tjba.jus.br/projudi/movimentacao/MarcaRecebimento?tipo=cumprimento&&codCumprimento=5976246;2ªVSJ - 088/2026- SEC Referente ao Proc Nº: 0003099-35.2024.8.05.0191
0003050-57.2025.8.05.0191;092/2026;cicom.pafonso@ssp.ba.gov.br;Enviado;01/06/2026;13:13:09;juntado;;178033038381.3380.1330732464406194456@DESKTOP-JIRCJML;https://projudi.tjba.jus.br/projudi/acoes/VerCumprimento?codCumprimento=5982368;https://projudi.tjba.jus.br/projudi/listagens/DadosProcesso?numeroProcesso=41020253697743;https://projudi.tjba.jus.br/projudi/movimentacao/MovimentarProcesso?numeroProcesso=41020253697743&juntadaAr=true&codDocVinculado=5982368;https://projudi.tjba.jus.br/projudi/movimentacao/MarcaRecebimento?tipo=cumprimento&&codCumprimento=5982368;2ªVSJ - 092/2026 Referente ao Proc Nº: 0003050-57.2025.8.05.0191
0000530-90.2026.8.05.0191;095/2026- SEC;bpm20.cmd@pm.ba.gov.br;Enviado;01/06/2026;13:14:16;juntado;;178033045113.3380.15674643923342466500@DESKTOP-JIRCJML;https://projudi.tjba.jus.br/projudi/acoes/VerCumprimento?codCumprimento=5984293;https://projudi.tjba.jus.br/projudi/listagens/DadosProcesso?numeroProcesso=41020260819371;https://projudi.tjba.jus.br/projudi/movimentacao/MovimentarProcesso?numeroProcesso=41020260819371&juntadaAr=true&codDocVinculado=5984293;https://projudi.tjba.jus.br/projudi/movimentacao/MarcaRecebimento?tipo=cumprimento&&codCumprimento=5984293;2ªVSJ - 095/2026- SEC Referente ao Proc Nº: 0000530-90.2026.8.05.0191
0000693-70.2026.8.05.0191;096/2026- SEC;bpm20.cmd@pm.ba.gov.br;Enviado;01/06/2026;15:18:47;juntado;;178033792184.3380.15520622311561777306@DESKTOP-JIRCJML;https://projudi.tjba.jus.br/projudi/acoes/VerCumprimento?codCumprimento=5984298;https://projudi.tjba.jus.br/projudi/listagens/DadosProcesso?numeroProcesso=41020261097944;https://projudi.tjba.jus.br/projudi/movimentacao/MovimentarProcesso?numeroProcesso=41020261097944&juntadaAr=true&codDocVinculado=5984298;https://projudi.tjba.jus.br/projudi/movimentacao/MarcaRecebimento?tipo=cumprimento&&codCumprimento=5984298;2ªVSJ - 096/2026- SEC Referente ao Proc Nº: 0000693-70.2026.8.05.0191
0000440-19.2025.8.05.0191;097/2026- SEC;bpm20.cmd@pm.ba.gov.br;Enviado;01/06/2026;15:20:05;juntado;;178033799904.3380.2789352055598872766@DESKTOP-JIRCJML;https://projudi.tjba.jus.br/projudi/acoes/VerCumprimento?codCumprimento=5984313;https://projudi.tjba.jus.br/projudi/listagens/DadosProcesso?numeroProcesso=41020250475044;https://projudi.tjba.jus.br/projudi/movimentacao/MovimentarProcesso?numeroProcesso=41020250475044&juntadaAr=true&codDocVinculado=5984313;https://projudi.tjba.jus.br/projudi/movimentacao/MarcaRecebimento?tipo=cumprimento&&codCumprimento=5984313;2ªVSJ - 097/2026- SEC Referente ao Proc Nº: 0000440-19.2025.8.05.0191
0000838-29.2026.8.05.0191;103/2026- SEC;ciap.pauloafonso@seap.ba.gov.br;Enviado;01/06/2026;15:21:14;juntado;;178033806899.3380.6740091616761389777@DESKTOP-JIRCJML;https://projudi.tjba.jus.br/projudi/acoes/VerCumprimento?codCumprimento=5988514;https://projudi.tjba.jus.br/projudi/listagens/DadosProcesso?numeroProcesso=41020261300413;https://projudi.tjba.jus.br/projudi/movimentacao/MovimentarProcesso?numeroProcesso=41020261300413&juntadaAr=true&codDocVinculado=5988514;https://projudi.tjba.jus.br/projudi/movimentacao/MarcaRecebimento?tipo=cumprimento&&codCumprimento=5988514;2ªVSJ - 103/2026- SEC Referente ao Proc Nº: 0000838-29.2026.8.05.0191
0000411-32.2026.8.05.0191;;ciap.pauloafonso@seap.ba.gov.br;Enviado;01/06/2026;15:22:30;juntado;;178033814520.3380.5046608611816013480@DESKTOP-JIRCJML;https://projudi.tjba.jus.br/projudi/acoes/VerCumprimento?codCumprimento=5991003;https://projudi.tjba.jus.br/projudi/listagens/DadosProcesso?numeroProcesso=41020260651717;https://projudi.tjba.jus.br/projudi/movimentacao/MovimentarProcesso?numeroProcesso=41020260651717&juntadaAr=true&codDocVinculado=5991003;https://projudi.tjba.jus.br/projudi/movimentacao/MarcaRecebimento?tipo=cumprimento&&codCumprimento=5991003;2ªVSJ -  Referente ao Proc Nº: 0000411-32.2026.8.05.0191
0001065-19.2026.8.05.0191;92/2026- SEC;ciap.pauloafonso@seap.ba.gov.br;Enviado;01/06/2026;15:23:37;juntado;;178033821146.3380.5608669614098736245@DESKTOP-JIRCJML;https://projudi.tjba.jus.br/projudi/acoes/VerCumprimento?codCumprimento=5992759;https://projudi.tjba.jus.br/projudi/listagens/DadosProcesso?numeroProcesso=41020261652912;https://projudi.tjba.jus.br/projudi/movimentacao/MovimentarProcesso?numeroProcesso=41020261652912&juntadaAr=true&codDocVinculado=5992759;https://projudi.tjba.jus.br/projudi/movimentacao/MarcaRecebimento?tipo=cumprimento&&codCumprimento=5992759;2ªVSJ - 92/2026- SEC Referente ao Proc Nº: 0001065-19.2026.8.05.0191
0004003-21.2025.8.05.0191;100/2026- SEC;bpm20.cmd@pm.ba.gov.br;Enviado;01/06/2026;15:24:57;juntado;;178033829172.3380.1121920182202289946@DESKTOP-JIRCJML;https://projudi.tjba.jus.br/projudi/acoes/VerCumprimento?codCumprimento=5993224;https://projudi.tjba.jus.br/projudi/listagens/DadosProcesso?numeroProcesso=41020255023245;https://projudi.tjba.jus.br/projudi/movimentacao/MovimentarProcesso?numeroProcesso=41020255023245&juntadaAr=true&codDocVinculado=5993224;https://projudi.tjba.jus.br/projudi/movimentacao/MarcaRecebimento?tipo=cumprimento&&codCumprimento=5993224;2ªVSJ - 100/2026- SEC Referente ao Proc Nº: 0004003-21.2025.8.05.0191
0000155-60.2024.8.05.0191;;ciap.pauloafonso@seap.ba.gov.br;Enviado;01/06/2026;15:26:33;juntado;;178033838676.3380.16131548896503256728@DESKTOP-JIRCJML;https://projudi.tjba.jus.br/projudi/acoes/VerCumprimento?codCumprimento=5999336;https://projudi.tjba.jus.br/projudi/listagens/DadosProcesso?numeroProcesso=41020240204686;https://projudi.tjba.jus.br/projudi/movimentacao/MovimentarProcesso?numeroProcesso=41020240204686&juntadaAr=true&codDocVinculado=5999336;https://projudi.tjba.jus.br/projudi/movimentacao/MarcaRecebimento?tipo=cumprimento&&codCumprimento=5999336;2ªVSJ -  Referente ao Proc Nº: 0000155-60.2024.8.05.0191
0000145-79.2025.8.05.0191;101/2026- SEC;bpm20.cmd@pm.ba.gov.br;Enviado;01/06/2026;15:27:51;juntado;;178033846612.3380.5097699190669720758@DESKTOP-JIRCJML;https://projudi.tjba.jus.br/projudi/acoes/VerCumprimento?codCumprimento=5999705;https://projudi.tjba.jus.br/projudi/listagens/DadosProcesso?numeroProcesso=41020250153674;https://projudi.tjba.jus.br/projudi/movimentacao/MovimentarProcesso?numeroProcesso=41020250153674&juntadaAr=true&codDocVinculado=5999705;https://projudi.tjba.jus.br/projudi/movimentacao/MarcaRecebimento?tipo=cumprimento&&codCumprimento=5999705;2ªVSJ - 101/2026- SEC Referente ao Proc Nº: 0000145-79.2025.8.05.0191
0002585-19.2023.8.05.0191;102/2026- SEC;bpm20.cmd@pm.ba.gov.br;Enviado;01/06/2026;15:28:20;juntado;;178033849352.3380.1499477652604676712@DESKTOP-JIRCJML;https://projudi.tjba.jus.br/projudi/acoes/VerCumprimento?codCumprimento=5999711;https://projudi.tjba.jus.br/projudi/listagens/DadosProcesso?numeroProcesso=41020233469965;https://projudi.tjba.jus.br/projudi/movimentacao/MovimentarProcesso?numeroProcesso=41020233469965&juntadaAr=true&codDocVinculado=5999711;https://projudi.tjba.jus.br/projudi/movimentacao/MarcaRecebimento?tipo=cumprimento&&codCumprimento=5999711;2ªVSJ - 102/2026- SEC Referente ao Proc Nº: 0002585-19.2023.8.05.0191
0000155-60.2024.8.05.0191;93/2026- SEC;ciap.pauloafonso@seap.ba.gov.br;Enviado;01/06/2026;15:29:38;juntado;;178033857206.3380.16911903322898862611@DESKTOP-JIRCJML;https://projudi.tjba.jus.br/projudi/acoes/VerCumprimento?codCumprimento=6003790;https://projudi.tjba.jus.br/projudi/listagens/DadosProcesso?numeroProcesso=41020240204686;https://projudi.tjba.jus.br/projudi/movimentacao/MovimentarProcesso?numeroProcesso=41020240204686&juntadaAr=true&codDocVinculado=6003790;https://projudi.tjba.jus.br/projudi/movimentacao/MarcaRecebimento?tipo=cumprimento&&codCumprimento=6003790;2ªVSJ - 93/2026- SEC Referente ao Proc Nº: 0000155-60.2024.8.05.0191
0000438-15.2026.8.05.0191;094/2026;ciap.pauloafonso@seap.ba.gov.br;Enviado;01/06/2026;15:30:55;juntado;;178033864979.3380.8310628534668440069@DESKTOP-JIRCJML;https://projudi.tjba.jus.br/projudi/acoes/VerCumprimento?codCumprimento=6008357;https://projudi.tjba.jus.br/projudi/listagens/DadosProcesso?numeroProcesso=41020260680500;https://projudi.tjba.jus.br/projudi/movimentacao/MovimentarProcesso?numeroProcesso=41020260680500&juntadaAr=true&codDocVinculado=6008357;https://projudi.tjba.jus.br/projudi/movimentacao/MarcaRecebimento?tipo=cumprimento&&codCumprimento=6008357;2ªVSJ - 094/2026 Referente ao Proc Nº: 0000438-15.2026.8.05.0191
0007535-47.2018.8.05.0191;128/2026- SEC;liviagracielle.silva@seap.ba.gov.br;Enviado;19/06/2026;14:08:35;juntado;;178188890916.16512.12036982007908269100@DESKTOP-JIRCJML;https://projudi.tjba.jus.br/projudi/acoes/VerCumprimento?codCumprimento=5984454;https://projudi.tjba.jus.br/projudi/listagens/DadosProcesso?numeroProcesso=41020183848747;https://projudi.tjba.jus.br/projudi/movimentacao/MovimentarProcesso?numeroProcesso=41020183848747&juntadaAr=true&codDocVinculado=5984454;https://projudi.tjba.jus.br/projudi/movimentacao/MarcaRecebimento?tipo=cumprimento&&codCumprimento=5984454;2ªVSJ - 128/2026- SEC Referente ao Proc Nº: 0007535-47.2018.8.05.0191
0001863-14.2025.8.05.0191;111/2026- SEC;dt.pauloafonso@pcivil.ba.gov.br;Enviado;19/06/2026;14:10:02;juntado;;178188899357.16512.1457594524687907364@DESKTOP-JIRCJML;https://projudi.tjba.jus.br/projudi/acoes/VerCumprimento?codCumprimento=5984549;https://projudi.tjba.jus.br/projudi/listagens/DadosProcesso?numeroProcesso=41020252089439;https://projudi.tjba.jus.br/projudi/movimentacao/MovimentarProcesso?numeroProcesso=41020252089439&juntadaAr=true&codDocVinculado=5984549;https://projudi.tjba.jus.br/projudi/movimentacao/MarcaRecebimento?tipo=cumprimento&&codCumprimento=5984549;2ªVSJ - 111/2026- SEC Referente ao Proc Nº: 0001863-14.2025.8.05.0191
0002776-93.2025.8.05.0191;105/2026- SEC;dt.pauloafonso@pcivil.ba.gov.br;Enviado;19/06/2026;14:11:17;juntado;;178188907200.16512.2688052041415111567@DESKTOP-JIRCJML;https://projudi.tjba.jus.br/projudi/acoes/VerCumprimento?codCumprimento=5984629;https://projudi.tjba.jus.br/projudi/listagens/DadosProcesso?numeroProcesso=41020253278692;https://projudi.tjba.jus.br/projudi/movimentacao/MovimentarProcesso?numeroProcesso=41020253278692&juntadaAr=true&codDocVinculado=5984629;https://projudi.tjba.jus.br/projudi/movimentacao/MarcaRecebimento?tipo=cumprimento&&codCumprimento=5984629;2ªVSJ - 105/2026- SEC Referente ao Proc Nº: 0002776-93.2025.8.05.0191
0002803-76.2025.8.05.0191;106/2026- SEC;dt.pauloafonso@pcivil.ba.gov.br;Enviado;19/06/2026;14:12:35;juntado;;178188914838.16512.11468631581783009609@DESKTOP-JIRCJML;https://projudi.tjba.jus.br/projudi/acoes/VerCumprimento?codCumprimento=5984740;https://projudi.tjba.jus.br/projudi/listagens/DadosProcesso?numeroProcesso=41020253307996;https://projudi.tjba.jus.br/projudi/movimentacao/MovimentarProcesso?numeroProcesso=41020253307996&juntadaAr=true&codDocVinculado=5984740;https://projudi.tjba.jus.br/projudi/movimentacao/MarcaRecebimento?tipo=cumprimento&&codCumprimento=5984740;2ªVSJ - 106/2026- SEC Referente ao Proc Nº: 0002803-76.2025.8.05.0191
0000248-52.2026.8.05.0191;108/2026- SEC;ciap.pauloafonso@seap.ba.gov.br;Enviado;19/06/2026;14:14:28;juntado;;178188925668.16512.9090259326727101602@DESKTOP-JIRCJML;https://projudi.tjba.jus.br/projudi/acoes/VerCumprimento?codCumprimento=5991101;https://projudi.tjba.jus.br/projudi/listagens/DadosProcesso?numeroProcesso=41020260423745;https://projudi.tjba.jus.br/projudi/movimentacao/MovimentarProcesso?numeroProcesso=41020260423745&juntadaAr=true&codDocVinculado=5991101;https://projudi.tjba.jus.br/projudi/movimentacao/MarcaRecebimento?tipo=cumprimento&&codCumprimento=5991101;2ªVSJ - 108/2026- SEC Referente ao Proc Nº: 0000248-52.2026.8.05.0191
0000656-43.2026.8.05.0191;109/2026- SEC;ciap.pauloafonso@seap.ba.gov.br;Enviado;19/06/2026;14:15:48;juntado;;178188934279.16512.6372284120216935718@DESKTOP-JIRCJML;https://projudi.tjba.jus.br/projudi/acoes/VerCumprimento?codCumprimento=5991110;https://projudi.tjba.jus.br/projudi/listagens/DadosProcesso?numeroProcesso=41020261061049;https://projudi.tjba.jus.br/projudi/movimentacao/MovimentarProcesso?numeroProcesso=41020261061049&juntadaAr=true&codDocVinculado=5991110;https://projudi.tjba.jus.br/projudi/movimentacao/MarcaRecebimento?tipo=cumprimento&&codCumprimento=5991110;2ªVSJ - 109/2026- SEC Referente ao Proc Nº: 0000656-43.2026.8.05.0191
0002921-52.2025.8.05.0191;113/2026- SEC;ciap.pauloafonso@seap.ba.gov.br;Enviado;19/06/2026;14:16:16;juntado;;178188937049.16512.17043028067218735860@DESKTOP-JIRCJML;https://projudi.tjba.jus.br/projudi/acoes/VerCumprimento?codCumprimento=5992638;https://projudi.tjba.jus.br/projudi/listagens/DadosProcesso?numeroProcesso=41020253515606;https://projudi.tjba.jus.br/projudi/movimentacao/MovimentarProcesso?numeroProcesso=41020253515606&juntadaAr=true&codDocVinculado=5992638;https://projudi.tjba.jus.br/projudi/movimentacao/MarcaRecebimento?tipo=cumprimento&&codCumprimento=5992638;2ªVSJ - 113/2026- SEC Referente ao Proc Nº: 0002921-52.2025.8.05.0191
0003970-65.2024.8.05.0191;114/2026- SEC;ciap.pauloafonso@seap.ba.gov.br;Enviado;19/06/2026;14:16:43;juntado;;178188939777.16512.13427760204569150670@DESKTOP-JIRCJML;https://projudi.tjba.jus.br/projudi/acoes/VerCumprimento?codCumprimento=5992792;https://projudi.tjba.jus.br/projudi/listagens/DadosProcesso?numeroProcesso=41020244804002;https://projudi.tjba.jus.br/projudi/movimentacao/MovimentarProcesso?numeroProcesso=41020244804002&juntadaAr=true&codDocVinculado=5992792;https://projudi.tjba.jus.br/projudi/movimentacao/MarcaRecebimento?tipo=cumprimento&&codCumprimento=5992792;2ªVSJ - 114/2026- SEC Referente ao Proc Nº: 0003970-65.2024.8.05.0191
0002031-16.2025.8.05.0191;107/2026- SEC;dt.pauloafonso@pcivil.ba.gov.br;Enviado;19/06/2026;14:17:56;juntado;;178188947039.16512.18278355769932371715@DESKTOP-JIRCJML;https://projudi.tjba.jus.br/projudi/acoes/VerCumprimento?codCumprimento=5992807;https://projudi.tjba.jus.br/projudi/listagens/DadosProcesso?numeroProcesso=41020252314506;https://projudi.tjba.jus.br/projudi/movimentacao/MovimentarProcesso?numeroProcesso=41020252314506&juntadaAr=true&codDocVinculado=5992807;https://projudi.tjba.jus.br/projudi/movimentacao/MarcaRecebimento?tipo=cumprimento&&codCumprimento=5992807;2ªVSJ - 107/2026- SEC Referente ao Proc Nº: 0002031-16.2025.8.05.0191
0000236-72.2025.8.05.0191;115/2026- SEC;ciap.pauloafonso@seap.ba.gov.br;Enviado;19/06/2026;14:19:19;juntado;;178188955397.16512.9783405422514341560@DESKTOP-JIRCJML;https://projudi.tjba.jus.br/projudi/acoes/VerCumprimento?codCumprimento=5999332;https://projudi.tjba.jus.br/projudi/listagens/DadosProcesso?numeroProcesso=41020250252567;https://projudi.tjba.jus.br/projudi/movimentacao/MovimentarProcesso?numeroProcesso=41020250252567&juntadaAr=true&codDocVinculado=5999332;https://projudi.tjba.jus.br/projudi/movimentacao/MarcaRecebimento?tipo=cumprimento&&codCumprimento=5999332;2ªVSJ - 115/2026- SEC Referente ao Proc Nº: 0000236-72.2025.8.05.0191
0000857-06.2024.8.05.0191;116/2026- SEC;ciap.pauloafonso@seap.ba.gov.br;Enviado;19/06/2026;14:20:43;;;178188963732.16512.10042400925928195838@DESKTOP-JIRCJML;https://projudi.tjba.jus.br/projudi/acoes/VerCumprimento?codCumprimento=5999339;https://projudi.tjba.jus.br/projudi/listagens/DadosProcesso?numeroProcesso=41020241193029;https://projudi.tjba.jus.br/projudi/movimentacao/MovimentarProcesso?numeroProcesso=41020241193029&juntadaAr=true&codDocVinculado=5999339;https://projudi.tjba.jus.br/projudi/movimentacao/MarcaRecebimento?tipo=cumprimento&&codCumprimento=5999339;2ªVSJ - 116/2026- SEC Referente ao Proc Nº: 0000857-06.2024.8.05.0191
0002022-59.2022.8.05.0191;119/2026- SEC;ciap.pauloafonso@seap.ba.gov.br;Enviado;19/06/2026;14:21:10;juntado;;178188966435.16512.6328388558043882346@DESKTOP-JIRCJML;https://projudi.tjba.jus.br/projudi/acoes/VerCumprimento?codCumprimento=5999693;https://projudi.tjba.jus.br/projudi/listagens/DadosProcesso?numeroProcesso=41020222610355;https://projudi.tjba.jus.br/projudi/movimentacao/MovimentarProcesso?numeroProcesso=41020222610355&juntadaAr=true&codDocVinculado=5999693;https://projudi.tjba.jus.br/projudi/movimentacao/MarcaRecebimento?tipo=cumprimento&&codCumprimento=5999693;2ªVSJ - 119/2026- SEC Referente ao Proc Nº: 0002022-59.2022.8.05.0191
0000602-77.2026.8.05.0191;120/2026- SEC;ciap.pauloafonso@seap.ba.gov.br;Enviado;19/06/2026;14:23:37;juntado;;178188981105.16512.5480526223023727727@DESKTOP-JIRCJML;https://projudi.tjba.jus.br/projudi/acoes/VerCumprimento?codCumprimento=5999772;https://projudi.tjba.jus.br/projudi/listagens/DadosProcesso?numeroProcesso=41020260959011;https://projudi.tjba.jus.br/projudi/movimentacao/MovimentarProcesso?numeroProcesso=41020260959011&juntadaAr=true&codDocVinculado=5999772;https://projudi.tjba.jus.br/projudi/movimentacao/MarcaRecebimento?tipo=cumprimento&&codCumprimento=5999772;2ªVSJ - 120/2026- SEC Referente ao Proc Nº: 0000602-77.2026.8.05.0191
0000047-31.2024.8.05.0191;121/2026- SEC;ciap.pauloafonso@seap.ba.gov.br;Enviado;19/06/2026;14:24:57;;;178188989266.16512.14264138789447496170@DESKTOP-JIRCJML;https://projudi.tjba.jus.br/projudi/acoes/VerCumprimento?codCumprimento=5999896;https://projudi.tjba.jus.br/projudi/listagens/DadosProcesso?numeroProcesso=41020240024266;https://projudi.tjba.jus.br/projudi/movimentacao/MovimentarProcesso?numeroProcesso=41020240024266&juntadaAr=true&codDocVinculado=5999896;https://projudi.tjba.jus.br/projudi/movimentacao/MarcaRecebimento?tipo=cumprimento&&codCumprimento=5999896;2ªVSJ - 121/2026- SEC Referente ao Proc Nº: 0000047-31.2024.8.05.0191
0000070-74.2024.8.05.0191;122/2026- SEC;ciap.pauloafonso@seap.ba.gov.br;Enviado;19/06/2026;14:25:27;juntado;;178188992174.16512.11520234843346107008@DESKTOP-JIRCJML;https://projudi.tjba.jus.br/projudi/acoes/VerCumprimento?codCumprimento=5999897;https://projudi.tjba.jus.br/projudi/listagens/DadosProcesso?numeroProcesso=41020240039884;https://projudi.tjba.jus.br/projudi/movimentacao/MovimentarProcesso?numeroProcesso=41020240039884&juntadaAr=true&codDocVinculado=5999897;https://projudi.tjba.jus.br/projudi/movimentacao/MarcaRecebimento?tipo=cumprimento&&codCumprimento=5999897;2ªVSJ - 122/2026- SEC Referente ao Proc Nº: 0000070-74.2024.8.05.0191
0001138-88.2026.8.05.0191;123/2026- SEC;ciap.pauloafonso@seap.ba.gov.br;Enviado;19/06/2026;14:26:47;juntado;;178189000091.16512.11353090104790552458@DESKTOP-JIRCJML;https://projudi.tjba.jus.br/projudi/acoes/VerCumprimento?codCumprimento=6002165;https://projudi.tjba.jus.br/projudi/listagens/DadosProcesso?numeroProcesso=41020261753447;https://projudi.tjba.jus.br/projudi/movimentacao/MovimentarProcesso?numeroProcesso=41020261753447&juntadaAr=true&codDocVinculado=6002165;https://projudi.tjba.jus.br/projudi/movimentacao/MarcaRecebimento?tipo=cumprimento&&codCumprimento=6002165;2ªVSJ - 123/2026- SEC Referente ao Proc Nº: 0001138-88.2026.8.05.0191
0001126-74.2026.8.05.0191;124/2026- SEC;ciap.pauloafonso@seap.ba.gov.br;Enviado;19/06/2026;14:28:16;juntado;;178189009040.16512.10982932326580551105@DESKTOP-JIRCJML;https://projudi.tjba.jus.br/projudi/acoes/VerCumprimento?codCumprimento=6002169;https://projudi.tjba.jus.br/projudi/listagens/DadosProcesso?numeroProcesso=41020261733480;https://projudi.tjba.jus.br/projudi/movimentacao/MovimentarProcesso?numeroProcesso=41020261733480&juntadaAr=true&codDocVinculado=6002169;https://projudi.tjba.jus.br/projudi/movimentacao/MarcaRecebimento?tipo=cumprimento&&codCumprimento=6002169;2ªVSJ - 124/2026- SEC Referente ao Proc Nº: 0001126-74.2026.8.05.0191
0001493-69.2024.8.05.0191;129/2026- SEC;liviagracielle.silva@seap.ba.gov.br;Enviado;19/06/2026;14:29:46;juntado;;178189018093.16512.18034136578933521198@DESKTOP-JIRCJML;https://projudi.tjba.jus.br/projudi/acoes/VerCumprimento?codCumprimento=6004028;https://projudi.tjba.jus.br/projudi/listagens/DadosProcesso?numeroProcesso=41020241993741;https://projudi.tjba.jus.br/projudi/movimentacao/MovimentarProcesso?numeroProcesso=41020241993741&juntadaAr=true&codDocVinculado=6004028;https://projudi.tjba.jus.br/projudi/movimentacao/MarcaRecebimento?tipo=cumprimento&&codCumprimento=6004028;2ªVSJ - 129/2026- SEC Referente ao Proc Nº: 0001493-69.2024.8.05.0191
0000799-32.2026.8.05.0191;127/2026- SEC;ciap.pauloafonso@seap.ba.gov.br;Enviado;19/06/2026;14:31:34;juntado;;178189027263.16512.14056562024897662980@DESKTOP-JIRCJML;https://projudi.tjba.jus.br/projudi/acoes/VerCumprimento?codCumprimento=6009717;https://projudi.tjba.jus.br/projudi/listagens/DadosProcesso?numeroProcesso=41020261253760;https://projudi.tjba.jus.br/projudi/movimentacao/MovimentarProcesso?numeroProcesso=41020261253760&juntadaAr=true&codDocVinculado=6009717;https://projudi.tjba.jus.br/projudi/movimentacao/MarcaRecebimento?tipo=cumprimento&&codCumprimento=6009717;2ªVSJ - 127/2026- SEC Referente ao Proc Nº: 0000799-32.2026.8.05.0191
0002601-02.2025.8.05.0191;125/2026- SEC;ciap.pauloafonso@seap.ba.gov.br;Enviado;19/06/2026;14:32:53;juntado;;178189036734.16512.5200366469575242263@DESKTOP-JIRCJML;https://projudi.tjba.jus.br/projudi/acoes/VerCumprimento?codCumprimento=6012986;https://projudi.tjba.jus.br/projudi/listagens/DadosProcesso?numeroProcesso=41020253030028;https://projudi.tjba.jus.br/projudi/movimentacao/MovimentarProcesso?numeroProcesso=41020253030028&juntadaAr=true&codDocVinculado=6012986;https://projudi.tjba.jus.br/projudi/movimentacao/MarcaRecebimento?tipo=cumprimento&&codCumprimento=6012986;2ªVSJ - 125/2026- SEC Referente ao Proc Nº: 0002601-02.2025.8.05.0191
0001208-08.2026.8.05.0191;126/2026- SEC;ciap.pauloafonso@seap.ba.gov.br;Enviado;19/06/2026;14:34:19;juntado;;178189045309.16512.2846378510655736135@DESKTOP-JIRCJML;https://projudi.tjba.jus.br/projudi/acoes/VerCumprimento?codCumprimento=6012995;https://projudi.tjba.jus.br/projudi/listagens/DadosProcesso?numeroProcesso=41020261857800;https://projudi.tjba.jus.br/projudi/movimentacao/MovimentarProcesso?numeroProcesso=41020261857800&juntadaAr=true&codDocVinculado=6012995;https://projudi.tjba.jus.br/projudi/movimentacao/MarcaRecebimento?tipo=cumprimento&&codCumprimento=6012995;2ªVSJ - 126/2026- SEC Referente ao Proc Nº: 0001208-08.2026.8.05.0191
0001202-98.2026.8.05.0191;128/2026- SEC;ciap.pauloafonso@seap.ba.gov.br;Enviado;19/06/2026;14:35:42;juntado;;178189053663.16512.15488909367909787089@DESKTOP-JIRCJML;https://projudi.tjba.jus.br/projudi/acoes/VerCumprimento?codCumprimento=6012997;https://projudi.tjba.jus.br/projudi/listagens/DadosProcesso?numeroProcesso=41020261854427;https://projudi.tjba.jus.br/projudi/movimentacao/MovimentarProcesso?numeroProcesso=41020261854427&juntadaAr=true&codDocVinculado=6012997;https://projudi.tjba.jus.br/projudi/movimentacao/MarcaRecebimento?tipo=cumprimento&&codCumprimento=6012997;2ªVSJ - 128/2026- SEC Referente ao Proc Nº: 0001202-98.2026.8.05.0191
0001030-59.2026.8.05.0191;110/2026- SEC;ciap.pauloafonso@seap.ba.gov.br;Enviado;19/06/2026;14:37:08;juntado;;178189062284.16512.5096161981743371880@DESKTOP-JIRCJML;https://projudi.tjba.jus.br/projudi/acoes/VerCumprimento?codCumprimento=6015217;https://projudi.tjba.jus.br/projudi/listagens/DadosProcesso?numeroProcesso=41020261605324;https://projudi.tjba.jus.br/projudi/movimentacao/MovimentarProcesso?numeroProcesso=41020261605324&juntadaAr=true&codDocVinculado=6015217;https://projudi.tjba.jus.br/projudi/movimentacao/MarcaRecebimento?tipo=cumprimento&&codCumprimento=6015217;2ªVSJ - 110/2026- SEC Referente ao Proc Nº: 0001030-59.2026.8.05.0191
0000508-32.2026.8.05.0191;112/2026- SEC;ciap.pauloafonso@seap.ba.gov.br;Enviado;19/06/2026;14:38:23;juntado;;178189069722.16512.13450621606043884810@DESKTOP-JIRCJML;https://projudi.tjba.jus.br/projudi/acoes/VerCumprimento?codCumprimento=6015792;https://projudi.tjba.jus.br/projudi/listagens/DadosProcesso?numeroProcesso=41020260783551;https://projudi.tjba.jus.br/projudi/movimentacao/MovimentarProcesso?numeroProcesso=41020260783551&juntadaAr=true&codDocVinculado=6015792;https://projudi.tjba.jus.br/projudi/movimentacao/MarcaRecebimento?tipo=cumprimento&&codCumprimento=6015792;2ªVSJ - 112/2026- SEC Referente ao Proc Nº: 0000508-32.2026.8.05.0191
0004152-17.2025.8.05.0191;117/2026- SEC;ciap.pauloafonso@seap.ba.gov.br;Enviado;19/06/2026;14:39:38;juntado;;178189077236.16512.4449318000991328994@DESKTOP-JIRCJML;https://projudi.tjba.jus.br/projudi/acoes/VerCumprimento?codCumprimento=6017599;https://projudi.tjba.jus.br/projudi/listagens/DadosProcesso?numeroProcesso=41020255248321;https://projudi.tjba.jus.br/projudi/movimentacao/MovimentarProcesso?numeroProcesso=41020255248321&juntadaAr=true&codDocVinculado=6017599;https://projudi.tjba.jus.br/projudi/movimentacao/MarcaRecebimento?tipo=cumprimento&&codCumprimento=6017599;2ªVSJ - 117/2026- SEC Referente ao Proc Nº: 0004152-17.2025.8.05.0191
41020261097944;096/2026- SEC;bpm20.cmd@pm.ba.gov.br;Enviado;10/07/2026;16:03:23;juntado;;178371020058.65465.14780140846082388988@DESKTOP-JIRCJML.localdomain;https://projudi.tjba.jus.br/projudi/acoes/VerCumprimento?codCumprimento=5984298;https://projudi.tjba.jus.br/projudi/listagens/DadosProcesso?numeroProcesso=41020261097944;https://projudi.tjba.jus.br/projudi/movimentacao/MovimentarProcesso?numeroProcesso=41020261097944&juntadaAr=true&codDocVinculado=5984298;https://projudi.tjba.jus.br/projudi/movimentacao/MarcaRecebimento?tipo=cumprimento&&codCumprimento=5984298;2ªVSJ - 096/2026- SEC Referente ao Proc Nº: 41020261097944
41020261733480;124/2026- SEC;ciap.pauloafonso@seap.ba.gov.br;Enviado;10/07/2026;16:11:02;;;178371065838.65465.7044474747309709508@DESKTOP-JIRCJML.localdomain;https://projudi.tjba.jus.br/projudi/acoes/VerCumprimento?codCumprimento=6002169;https://projudi.tjba.jus.br/projudi/listagens/DadosProcesso?numeroProcesso=41020261733480;https://projudi.tjba.jus.br/projudi/movimentacao/MovimentarProcesso?numeroProcesso=41020261733480&juntadaAr=true&codDocVinculado=6002169;https://projudi.tjba.jus.br/projudi/movimentacao/MarcaRecebimento?tipo=cumprimento&&codCumprimento=6002169;2ªVSJ - 124/2026- SEC Referente ao Proc Nº: 41020261733480
41020260819371;095/2026- SEC;bpm20.cmd@pm.ba.gov.br;Enviado;10/07/2026;16:32:08;juntado;;178371192593.78297.9307669283422727299@DESKTOP-JIRCJML.localdomain;https://projudi.tjba.jus.br/projudi/acoes/VerCumprimento?codCumprimento=5984293;https://projudi.tjba.jus.br/projudi/listagens/DadosProcesso?numeroProcesso=41020260819371;https://projudi.tjba.jus.br/projudi/movimentacao/MovimentarProcesso?numeroProcesso=41020260819371&juntadaAr=true&codDocVinculado=5984293;https://projudi.tjba.jus.br/projudi/movimentacao/MarcaRecebimento?tipo=cumprimento&&codCumprimento=5984293;2ªVSJ - 095/2026- SEC Referente ao Proc Nº: 41020260819371
41020243903870;088/2026- SEC;ciap.pauloafonso@seap.ba.gov.br;Enviado;10/07/2026;17:04:08;juntado;;178371384583.91200.12661130597066450548@DESKTOP-JIRCJML.localdomain;https://projudi.tjba.jus.br/projudi/acoes/VerCumprimento?codCumprimento=5976246;https://projudi.tjba.jus.br/projudi/listagens/DadosProcesso?numeroProcesso=41020243903870;https://projudi.tjba.jus.br/projudi/movimentacao/MovimentarProcesso?numeroProcesso=41020243903870&juntadaAr=true&codDocVinculado=5976246;https://projudi.tjba.jus.br/projudi/movimentacao/MarcaRecebimento?tipo=cumprimento&&codCumprimento=5976246;2ªVSJ - 088/2026- SEC Referente ao Proc Nº: 41020243903870
41020250475044;097/2026- SEC;bpm20.cmd@pm.ba.gov.br;Enviado;10/07/2026;17:06:21;juntado;;178371397814.91200.9031524560324160711@DESKTOP-JIRCJML.localdomain;https://projudi.tjba.jus.br/projudi/acoes/VerCumprimento?codCumprimento=5984313;https://projudi.tjba.jus.br/projudi/listagens/DadosProcesso?numeroProcesso=41020250475044;https://projudi.tjba.jus.br/projudi/movimentacao/MovimentarProcesso?numeroProcesso=41020250475044&juntadaAr=true&codDocVinculado=5984313;https://projudi.tjba.jus.br/projudi/movimentacao/MarcaRecebimento?tipo=cumprimento&&codCumprimento=5984313;2ªVSJ - 097/2026- SEC Referente ao Proc Nº: 41020250475044
41020183848747;128/2026- SEC;liviagracielle.silva@seap.ba.gov.br;Enviado;10/07/2026;18:00:31;juntado;;178371722741.110505.13087318995099023121@DESKTOP-JIRCJML.localdomain;https://projudi.tjba.jus.br/projudi/acoes/VerCumprimento?codCumprimento=5984454;https://projudi.tjba.jus.br/projudi/listagens/DadosProcesso?numeroProcesso=41020183848747;https://projudi.tjba.jus.br/projudi/movimentacao/MovimentarProcesso?numeroProcesso=41020183848747&juntadaAr=true&codDocVinculado=5984454;https://projudi.tjba.jus.br/projudi/movimentacao/MarcaRecebimento?tipo=cumprimento&&codCumprimento=5984454;2ªVSJ - 128/2026- SEC Referente ao Proc Nº: 41020183848747
41020252089439;111/2026- SEC;dt.pauloafonso@pcivil.ba.gov.br;Enviado;10/07/2026;18:05:43;juntado;;178371754109.110505.2563279498546719588@DESKTOP-JIRCJML.localdomain;https://projudi.tjba.jus.br/projudi/acoes/VerCumprimento?codCumprimento=5984549;https://projudi.tjba.jus.br/projudi/listagens/DadosProcesso?numeroProcesso=41020252089439;https://projudi.tjba.jus.br/projudi/movimentacao/MovimentarProcesso?numeroProcesso=41020252089439&juntadaAr=true&codDocVinculado=5984549;https://projudi.tjba.jus.br/projudi/movimentacao/MarcaRecebimento?tipo=cumprimento&&codCumprimento=5984549;2ªVSJ - 111/2026- SEC Referente ao Proc Nº: 41020252089439
41020253278692;105/2026- SEC;dt.pauloafonso@pcivil.ba.gov.br;Enviado;10/07/2026;18:07:22;juntado;;178371763859.110505.9074211701019343400@DESKTOP-JIRCJML.localdomain;https://projudi.tjba.jus.br/projudi/acoes/VerCumprimento?codCumprimento=5984629;https://projudi.tjba.jus.br/projudi/listagens/DadosProcesso?numeroProcesso=41020253278692;https://projudi.tjba.jus.br/projudi/movimentacao/MovimentarProcesso?numeroProcesso=41020253278692&juntadaAr=true&codDocVinculado=5984629;https://projudi.tjba.jus.br/projudi/movimentacao/MarcaRecebimento?tipo=cumprimento&&codCumprimento=5984629;2ªVSJ - 105/2026- SEC Referente ao Proc Nº: 41020253278692
41020251788593;087/2026- SEC;ciap.pauloafonso@seap.ba.gov.br;Enviado;14/07/2026;17:02:55;;;178405937254.46161.12865014232850051397@DESKTOP-JIRCJML.localdomain;https://projudi.tjba.jus.br/projudi/acoes/VerCumprimento?codCumprimento=5976245;https://projudi.tjba.jus.br/projudi/listagens/DadosProcesso?numeroProcesso=41020251788593;https://projudi.tjba.jus.br/projudi/movimentacao/MovimentarProcesso?numeroProcesso=41020251788593&juntadaAr=true&codDocVinculado=5976245;https://projudi.tjba.jus.br/projudi/movimentacao/MarcaRecebimento?tipo=cumprimento&&codCumprimento=5976245;2ªVSJ - 087/2026- SEC Referente ao Proc Nº: 41020251788593
41020250997385;083/2026- SEC;ciap.pauloafonso@seap.ba.gov.br;Enviado;14/07/2026;17:02:58;;;178405937596.46161.14802246853825541860@DESKTOP-JIRCJML.localdomain;https://projudi.tjba.jus.br/projudi/acoes/VerCumprimento?codCumprimento=5974406;https://projudi.tjba.jus.br/projudi/listagens/DadosProcesso?numeroProcesso=41020250997385;https://projudi.tjba.jus.br/projudi/movimentacao/MovimentarProcesso?numeroProcesso=41020250997385&juntadaAr=true&codDocVinculado=5974406;https://projudi.tjba.jus.br/projudi/movimentacao/MarcaRecebimento?tipo=cumprimento&&codCumprimento=5974406;2ªVSJ - 083/2026- SEC Referente ao Proc Nº: 41020250997385
41020260680500;081/2026- SEC;bpm20.cmd@pm.ba.gov.br;Enviado;14/07/2026;17:03:02;;;178405937890.46161.4402326123934539953@DESKTOP-JIRCJML.localdomain;https://projudi.tjba.jus.br/projudi/acoes/VerCumprimento?codCumprimento=5967014;https://projudi.tjba.jus.br/projudi/listagens/DadosProcesso?numeroProcesso=41020260680500;https://projudi.tjba.jus.br/projudi/movimentacao/MovimentarProcesso?numeroProcesso=41020260680500&juntadaAr=true&codDocVinculado=5967014;https://projudi.tjba.jus.br/projudi/movimentacao/MarcaRecebimento?tipo=cumprimento&&codCumprimento=5967014;2ªVSJ - 081/2026- SEC Referente ao Proc Nº: 41020260680500
41020252836243;099/2026- SEC;dt.pauloafonso@pcivil.ba.gov.br;Enviado;14/07/2026;17:03:05;;;178405938265.46161.5324812461732721554@DESKTOP-JIRCJML.localdomain;https://projudi.tjba.jus.br/projudi/acoes/VerCumprimento?codCumprimento=5966969;https://projudi.tjba.jus.br/projudi/listagens/DadosProcesso?numeroProcesso=41020252836243;https://projudi.tjba.jus.br/projudi/movimentacao/MovimentarProcesso?numeroProcesso=41020252836243&juntadaAr=true&codDocVinculado=5966969;https://projudi.tjba.jus.br/projudi/movimentacao/MarcaRecebimento?tipo=cumprimento&&codCumprimento=5966969;2ªVSJ - 099/2026- SEC Referente ao Proc Nº: 41020252836243
41020252314340;098/2026- SEC;dt.pauloafonso@pcivil.ba.gov.br;Enviado;14/07/2026;17:03:08;;;178405938547.46161.6005611532390515534@DESKTOP-JIRCJML.localdomain;https://projudi.tjba.jus.br/projudi/acoes/VerCumprimento?codCumprimento=5965125;https://projudi.tjba.jus.br/projudi/listagens/DadosProcesso?numeroProcesso=41020252314340;https://projudi.tjba.jus.br/projudi/movimentacao/MovimentarProcesso?numeroProcesso=41020252314340&juntadaAr=true&codDocVinculado=5965125;https://projudi.tjba.jus.br/projudi/movimentacao/MarcaRecebimento?tipo=cumprimento&&codCumprimento=5965125;2ªVSJ - 098/2026- SEC Referente ao Proc Nº: 41020252314340
41020234573351;90/2026- SEC;ciap.pauloafonso@seap.ba.gov.br;Enviado;14/07/2026;17:03:12;;;178405938825.46161.463642304743092253@DESKTOP-JIRCJML.localdomain;https://projudi.tjba.jus.br/projudi/acoes/VerCumprimento?codCumprimento=5964982;https://projudi.tjba.jus.br/projudi/listagens/DadosProcesso?numeroProcesso=41020234573351;https://projudi.tjba.jus.br/projudi/movimentacao/MovimentarProcesso?numeroProcesso=41020234573351&juntadaAr=true&codDocVinculado=5964982;https://projudi.tjba.jus.br/projudi/movimentacao/MarcaRecebimento?tipo=cumprimento&&codCumprimento=5964982;2ªVSJ - 90/2026- SEC Referente ao Proc Nº: 41020234573351
41020255085228;134/2026- SEC;vlprudentejec@tjsp.jus.br;Enviado;14/07/2026;17:03:15;;;178405939241.46161.3148305332513480903@DESKTOP-JIRCJML.localdomain;https://projudi.tjba.jus.br/projudi/acoes/VerCumprimento?codCumprimento=5962095;https://projudi.tjba.jus.br/projudi/listagens/DadosProcesso?numeroProcesso=41020255085228;https://projudi.tjba.jus.br/projudi/movimentacao/MovimentarProcesso?numeroProcesso=41020255085228&juntadaAr=true&codDocVinculado=5962095;https://projudi.tjba.jus.br/projudi/movimentacao/MarcaRecebimento?tipo=cumprimento&&codCumprimento=5962095;2ªVSJ - 134/2026- SEC Referente ao Proc Nº: 41020255085228
41020253624473;077/2026- SEC;ciap.pauloafonso@seap.ba.gov.br;Enviado;14/07/2026;17:03:18;;;178405939510.46161.2971326387408033768@DESKTOP-JIRCJML.localdomain;https://projudi.tjba.jus.br/projudi/acoes/VerCumprimento?codCumprimento=5959285;https://projudi.tjba.jus.br/projudi/listagens/DadosProcesso?numeroProcesso=41020253624473;https://projudi.tjba.jus.br/projudi/movimentacao/MovimentarProcesso?numeroProcesso=41020253624473&juntadaAr=true&codDocVinculado=5959285;https://projudi.tjba.jus.br/projudi/movimentacao/MarcaRecebimento?tipo=cumprimento&&codCumprimento=5959285;2ªVSJ - 077/2026- SEC Referente ao Proc Nº: 41020253624473
41020255303118;076/2026- SEC;ciap.pauloafonso@seap.ba.gov.br;Enviado;14/07/2026;17:03:21;;;178405939857.46161.4557108594756949922@DESKTOP-JIRCJML.localdomain;https://projudi.tjba.jus.br/projudi/acoes/VerCumprimento?codCumprimento=5959272;https://projudi.tjba.jus.br/projudi/listagens/DadosProcesso?numeroProcesso=41020255303118;https://projudi.tjba.jus.br/projudi/movimentacao/MovimentarProcesso?numeroProcesso=41020255303118&juntadaAr=true&codDocVinculado=5959272;https://projudi.tjba.jus.br/projudi/movimentacao/MarcaRecebimento?tipo=cumprimento&&codCumprimento=5959272;2ªVSJ - 076/2026- SEC Referente ao Proc Nº: 41020255303118
41020260782124;075/2026- SEC;ciap.pauloafonso@seap.ba.gov.br;Enviado;14/07/2026;17:03:25;;;178405940167.46161.14283453258419705285@DESKTOP-JIRCJML.localdomain;https://projudi.tjba.jus.br/projudi/acoes/VerCumprimento?codCumprimento=5959247;https://projudi.tjba.jus.br/projudi/listagens/DadosProcesso?numeroProcesso=41020260782124;https://projudi.tjba.jus.br/projudi/movimentacao/MovimentarProcesso?numeroProcesso=41020260782124&juntadaAr=true&codDocVinculado=5959247;https://projudi.tjba.jus.br/projudi/movimentacao/MarcaRecebimento?tipo=cumprimento&&codCumprimento=5959247;2ªVSJ - 075/2026- SEC Referente ao Proc Nº: 41020260782124
41020260683124;074/2026- SEC;ciap.pauloafonso@seap.ba.gov.br;Enviado;14/07/2026;17:03:28;;;178405940561.46161.7374100882335054957@DESKTOP-JIRCJML.localdomain;https://projudi.tjba.jus.br/projudi/acoes/VerCumprimento?codCumprimento=5956949;https://projudi.tjba.jus.br/projudi/listagens/DadosProcesso?numeroProcesso=41020260683124;https://projudi.tjba.jus.br/projudi/movimentacao/MovimentarProcesso?numeroProcesso=41020260683124&juntadaAr=true&codDocVinculado=5956949;https://projudi.tjba.jus.br/projudi/movimentacao/MarcaRecebimento?tipo=cumprimento&&codCumprimento=5956949;2ªVSJ - 074/2026- SEC Referente ao Proc Nº: 41020260683124
41020253003363;073/2026- SEC;ciap.pauloafonso@seap.ba.gov.br;Enviado;14/07/2026;17:10:46;;;178405984381.48290.5319753469124697686@DESKTOP-JIRCJML.localdomain;https://projudi.tjba.jus.br/projudi/acoes/VerCumprimento?codCumprimento=5954968;https://projudi.tjba.jus.br/projudi/listagens/DadosProcesso?numeroProcesso=41020253003363;https://projudi.tjba.jus.br/projudi/movimentacao/MovimentarProcesso?numeroProcesso=41020253003363&juntadaAr=true&codDocVinculado=5954968;https://projudi.tjba.jus.br/projudi/movimentacao/MarcaRecebimento?tipo=cumprimento&&codCumprimento=5954968;2ªVSJ - 073/2026- SEC Referente ao Proc Nº: 41020253003363
41020241193029;079/2026- SEC;bpm20.cmd@pm.ba.gov.br;Enviado;14/07/2026;17:10:49;;;178405984658.48290.3564369472593924770@DESKTOP-JIRCJML.localdomain;https://projudi.tjba.jus.br/projudi/acoes/VerCumprimento?codCumprimento=5954917;https://projudi.tjba.jus.br/projudi/listagens/DadosProcesso?numeroProcesso=41020241193029;https://projudi.tjba.jus.br/projudi/movimentacao/MovimentarProcesso?numeroProcesso=41020241193029&juntadaAr=true&codDocVinculado=5954917;https://projudi.tjba.jus.br/projudi/movimentacao/MarcaRecebimento?tipo=cumprimento&&codCumprimento=5954917;2ªVSJ - 079/2026- SEC Referente ao Proc Nº: 41020241193029
41020240204686;078/2026- SEC;bpm20.cmd@pm.ba.gov.br;Enviado;14/07/2026;17:10:52;;;178405984944.48290.5635874030046400628@DESKTOP-JIRCJML.localdomain;https://projudi.tjba.jus.br/projudi/acoes/VerCumprimento?codCumprimento=5954835;https://projudi.tjba.jus.br/projudi/listagens/DadosProcesso?numeroProcesso=41020240204686;https://projudi.tjba.jus.br/projudi/movimentacao/MovimentarProcesso?numeroProcesso=41020240204686&juntadaAr=true&codDocVinculado=5954835;https://projudi.tjba.jus.br/projudi/movimentacao/MarcaRecebimento?tipo=cumprimento&&codCumprimento=5954835;2ªVSJ - 078/2026- SEC Referente ao Proc Nº: 41020240204686
41020240204686;082/2026- SEC;coordsegcppa@seap.ba.gov.br;Enviado;14/07/2026;17:10:55;;;178405985228.48290.13515565450482767309@DESKTOP-JIRCJML.localdomain;https://projudi.tjba.jus.br/projudi/acoes/VerCumprimento?codCumprimento=5954834;https://projudi.tjba.jus.br/projudi/listagens/DadosProcesso?numeroProcesso=41020240204686;https://projudi.tjba.jus.br/projudi/movimentacao/MovimentarProcesso?numeroProcesso=41020240204686&juntadaAr=true&codDocVinculado=5954834;https://projudi.tjba.jus.br/projudi/movimentacao/MarcaRecebimento?tipo=cumprimento&&codCumprimento=5954834;2ªVSJ - 082/2026- SEC Referente ao Proc Nº: 41020240204686
41020251459211;133/2026- SEC;spprecatoriascv@tjsp.jus.br;Enviado;14/07/2026;17:10:58;;;178405985522.48290.2096165317010221409@DESKTOP-JIRCJML.localdomain;https://projudi.tjba.jus.br/projudi/acoes/VerCumprimento?codCumprimento=5954180;https://projudi.tjba.jus.br/projudi/listagens/DadosProcesso?numeroProcesso=41020251459211;https://projudi.tjba.jus.br/projudi/movimentacao/MovimentarProcesso?numeroProcesso=41020251459211&juntadaAr=true&codDocVinculado=5954180;https://projudi.tjba.jus.br/projudi/movimentacao/MarcaRecebimento?tipo=cumprimento&&codCumprimento=5954180;2ªVSJ - 133/2026- SEC Referente ao Proc Nº: 41020251459211
41020240275124;072/2026- SEC;ciap.pauloafonso@seap.ba.gov.br;Enviado;14/07/2026;17:11:01;;;178405985816.48290.8402220550239773661@DESKTOP-JIRCJML.localdomain;https://projudi.tjba.jus.br/projudi/acoes/VerCumprimento?codCumprimento=5949624;https://projudi.tjba.jus.br/projudi/listagens/DadosProcesso?numeroProcesso=41020240275124;https://projudi.tjba.jus.br/projudi/movimentacao/MovimentarProcesso?numeroProcesso=41020240275124&juntadaAr=true&codDocVinculado=5949624;https://projudi.tjba.jus.br/projudi/movimentacao/MarcaRecebimento?tipo=cumprimento&&codCumprimento=5949624;2ªVSJ - 072/2026- SEC Referente ao Proc Nº: 41020240275124
41020252034526;071/2026- SEC;ciap.pauloafonso@seap.ba.gov.br;Enviado;14/07/2026;17:11:04;;;178405986110.48290.1446613102716293243@DESKTOP-JIRCJML.localdomain;https://projudi.tjba.jus.br/projudi/acoes/VerCumprimento?codCumprimento=5947507;https://projudi.tjba.jus.br/projudi/listagens/DadosProcesso?numeroProcesso=41020252034526;https://projudi.tjba.jus.br/projudi/movimentacao/MovimentarProcesso?numeroProcesso=41020252034526&juntadaAr=true&codDocVinculado=5947507;https://projudi.tjba.jus.br/projudi/movimentacao/MarcaRecebimento?tipo=cumprimento&&codCumprimento=5947507;2ªVSJ - 071/2026- SEC Referente ao Proc Nº: 41020252034526
41020261099718;068/2026- SEC;ceapa.pauloafonso@seap.ba.gov.br;Enviado;14/07/2026;17:11:07;;;178405986417.48290.8816910813656673091@DESKTOP-JIRCJML.localdomain;https://projudi.tjba.jus.br/projudi/acoes/VerCumprimento?codCumprimento=5943709;https://projudi.tjba.jus.br/projudi/listagens/DadosProcesso?numeroProcesso=41020261099718;https://projudi.tjba.jus.br/projudi/movimentacao/MovimentarProcesso?numeroProcesso=41020261099718&juntadaAr=true&codDocVinculado=5943709;https://projudi.tjba.jus.br/projudi/movimentacao/MarcaRecebimento?tipo=cumprimento&&codCumprimento=5943709;2ªVSJ - 068/2026- SEC Referente ao Proc Nº: 41020261099718
41020260837696;065/2026 - SEC;jecrim.petrolina@tjpe.jus.br;Enviado;14/07/2026;17:11:10;;;178405986711.48290.16956052714584717369@DESKTOP-JIRCJML.localdomain;https://projudi.tjba.jus.br/projudi/acoes/VerCumprimento?codCumprimento=5943138;https://projudi.tjba.jus.br/projudi/listagens/DadosProcesso?numeroProcesso=41020260837696;https://projudi.tjba.jus.br/projudi/movimentacao/MovimentarProcesso?numeroProcesso=41020260837696&juntadaAr=true&codDocVinculado=5943138;https://projudi.tjba.jus.br/projudi/movimentacao/MarcaRecebimento?tipo=cumprimento&&codCumprimento=5943138;2ªVSJ - 065/2026 - SEC Referente ao Proc Nº: 41020260837696
41020254359087;062/2026- SEC;ceapa.pauloafonso@seap.ba.gov.br;Enviado;14/07/2026;17:11:13;;;178405987013.48290.2861927195388997840@DESKTOP-JIRCJML.localdomain;https://projudi.tjba.jus.br/projudi/acoes/VerCumprimento?codCumprimento=5941078;https://projudi.tjba.jus.br/projudi/listagens/DadosProcesso?numeroProcesso=41020254359087;https://projudi.tjba.jus.br/projudi/movimentacao/MovimentarProcesso?numeroProcesso=41020254359087&juntadaAr=true&codDocVinculado=5941078;https://projudi.tjba.jus.br/projudi/movimentacao/MarcaRecebimento?tipo=cumprimento&&codCumprimento=5941078;2ªVSJ - 062/2026- SEC Referente ao Proc Nº: 41020254359087
41020255180680;061/2026- SEC;ceapa.pauloafonso@seap.ba.gov.br;Enviado;14/07/2026;17:11:16;;;178405987327.48290.9168688144906801305@DESKTOP-JIRCJML.localdomain;https://projudi.tjba.jus.br/projudi/acoes/VerCumprimento?codCumprimento=5941075;https://projudi.tjba.jus.br/projudi/listagens/DadosProcesso?numeroProcesso=41020255180680;https://projudi.tjba.jus.br/projudi/movimentacao/MovimentarProcesso?numeroProcesso=41020255180680&juntadaAr=true&codDocVinculado=5941075;https://projudi.tjba.jus.br/projudi/movimentacao/MarcaRecebimento?tipo=cumprimento&&codCumprimento=5941075;2ªVSJ - 061/2026- SEC Referente ao Proc Nº: 41020255180680
41020261753447;123/2026- SEC;ciap.pauloafonso@seap.ba.gov.br;Enviado;14/07/2026;17:11:19;;;178405987632.48290.370182902446871005@DESKTOP-JIRCJML.localdomain;https://projudi.tjba.jus.br/projudi/acoes/VerCumprimento?codCumprimento=6002165;https://projudi.tjba.jus.br/projudi/listagens/DadosProcesso?numeroProcesso=41020261753447;https://projudi.tjba.jus.br/projudi/movimentacao/MovimentarProcesso?numeroProcesso=41020261753447&juntadaAr=true&codDocVinculado=6002165;https://projudi.tjba.jus.br/projudi/movimentacao/MarcaRecebimento?tipo=cumprimento&&codCumprimento=6002165;2ªVSJ - 123/2026- SEC Referente ao Proc Nº: 41020261753447
41020240039884;122/2026- SEC;ciap.pauloafonso@seap.ba.gov.br;Enviado;14/07/2026;17:11:22;;;178405987909.48290.4992911451495235893@DESKTOP-JIRCJML.localdomain;https://projudi.tjba.jus.br/projudi/acoes/VerCumprimento?codCumprimento=5999897;https://projudi.tjba.jus.br/projudi/listagens/DadosProcesso?numeroProcesso=41020240039884;https://projudi.tjba.jus.br/projudi/movimentacao/MovimentarProcesso?numeroProcesso=41020240039884&juntadaAr=true&codDocVinculado=5999897;https://projudi.tjba.jus.br/projudi/movimentacao/MarcaRecebimento?tipo=cumprimento&&codCumprimento=5999897;2ªVSJ - 122/2026- SEC Referente ao Proc Nº: 41020240039884
41020240024266;121/2026- SEC;ciap.pauloafonso@seap.ba.gov.br;Enviado;14/07/2026;17:11:25;;;178405988259.48290.6531406094675574897@DESKTOP-JIRCJML.localdomain;https://projudi.tjba.jus.br/projudi/acoes/VerCumprimento?codCumprimento=5999896;https://projudi.tjba.jus.br/projudi/listagens/DadosProcesso?numeroProcesso=41020240024266;https://projudi.tjba.jus.br/projudi/movimentacao/MovimentarProcesso?numeroProcesso=41020240024266&juntadaAr=true&codDocVinculado=5999896;https://projudi.tjba.jus.br/projudi/movimentacao/MarcaRecebimento?tipo=cumprimento&&codCumprimento=5999896;2ªVSJ - 121/2026- SEC Referente ao Proc Nº: 41020240024266
41020260959011;120/2026- SEC;ciap.pauloafonso@seap.ba.gov.br;Enviado;14/07/2026;17:11:28;;;178405988548.48290.1262550755106383630@DESKTOP-JIRCJML.localdomain;https://projudi.tjba.jus.br/projudi/acoes/VerCumprimento?codCumprimento=5999772;https://projudi.tjba.jus.br/projudi/listagens/DadosProcesso?numeroProcesso=41020260959011;https://projudi.tjba.jus.br/projudi/movimentacao/MovimentarProcesso?numeroProcesso=41020260959011&juntadaAr=true&codDocVinculado=5999772;https://projudi.tjba.jus.br/projudi/movimentacao/MarcaRecebimento?tipo=cumprimento&&codCumprimento=5999772;2ªVSJ - 120/2026- SEC Referente ao Proc Nº: 41020260959011
41020233469965;102/2026- SEC;bpm20.cmd@pm.ba.gov.br;Enviado;14/07/2026;17:11:31;;;178405988837.48290.11339639780414463209@DESKTOP-JIRCJML.localdomain;https://projudi.tjba.jus.br/projudi/acoes/VerCumprimento?codCumprimento=5999711;https://projudi.tjba.jus.br/projudi/listagens/DadosProcesso?numeroProcesso=41020233469965;https://projudi.tjba.jus.br/projudi/movimentacao/MovimentarProcesso?numeroProcesso=41020233469965&juntadaAr=true&codDocVinculado=5999711;https://projudi.tjba.jus.br/projudi/movimentacao/MarcaRecebimento?tipo=cumprimento&&codCumprimento=5999711;2ªVSJ - 102/2026- SEC Referente ao Proc Nº: 41020233469965
41020250153674;101/2026- SEC;bpm20.cmd@pm.ba.gov.br;Enviado;14/07/2026;17:11:34;;;178405989144.48290.9259793867724443417@DESKTOP-JIRCJML.localdomain;https://projudi.tjba.jus.br/projudi/acoes/VerCumprimento?codCumprimento=5999705;https://projudi.tjba.jus.br/projudi/listagens/DadosProcesso?numeroProcesso=41020250153674;https://projudi.tjba.jus.br/projudi/movimentacao/MovimentarProcesso?numeroProcesso=41020250153674&juntadaAr=true&codDocVinculado=5999705;https://projudi.tjba.jus.br/projudi/movimentacao/MarcaRecebimento?tipo=cumprimento&&codCumprimento=5999705;2ªVSJ - 101/2026- SEC Referente ao Proc Nº: 41020250153674
41020222610355;119/2026- SEC;ciap.pauloafonso@seap.ba.gov.br;Enviado;14/07/2026;17:11:37;;;178405989434.48290.12905849074575560369@DESKTOP-JIRCJML.localdomain;https://projudi.tjba.jus.br/projudi/acoes/VerCumprimento?codCumprimento=5999693;https://projudi.tjba.jus.br/projudi/listagens/DadosProcesso?numeroProcesso=41020222610355;https://projudi.tjba.jus.br/projudi/movimentacao/MovimentarProcesso?numeroProcesso=41020222610355&juntadaAr=true&codDocVinculado=5999693;https://projudi.tjba.jus.br/projudi/movimentacao/MarcaRecebimento?tipo=cumprimento&&codCumprimento=5999693;2ªVSJ - 119/2026- SEC Referente ao Proc Nº: 41020222610355
41020241193029;116/2026- SEC;ciap.pauloafonso@seap.ba.gov.br;Enviado;14/07/2026;17:11:40;;;178405989777.48290.13497683416843494395@DESKTOP-JIRCJML.localdomain;https://projudi.tjba.jus.br/projudi/acoes/VerCumprimento?codCumprimento=5999339;https://projudi.tjba.jus.br/projudi/listagens/DadosProcesso?numeroProcesso=41020241193029;https://projudi.tjba.jus.br/projudi/movimentacao/MovimentarProcesso?numeroProcesso=41020241193029&juntadaAr=true&codDocVinculado=5999339;https://projudi.tjba.jus.br/projudi/movimentacao/MarcaRecebimento?tipo=cumprimento&&codCumprimento=5999339;2ªVSJ - 116/2026- SEC Referente ao Proc Nº: 41020241193029
41020250252567;115/2026- SEC;ciap.pauloafonso@seap.ba.gov.br;Enviado;14/07/2026;17:11:43;;;178405990062.48290.5924632018963476597@DESKTOP-JIRCJML.localdomain;https://projudi.tjba.jus.br/projudi/acoes/VerCumprimento?codCumprimento=5999332;https://projudi.tjba.jus.br/projudi/listagens/DadosProcesso?numeroProcesso=41020250252567;https://projudi.tjba.jus.br/projudi/movimentacao/MovimentarProcesso?numeroProcesso=41020250252567&juntadaAr=true&codDocVinculado=5999332;https://projudi.tjba.jus.br/projudi/movimentacao/MarcaRecebimento?tipo=cumprimento&&codCumprimento=5999332;2ªVSJ - 115/2026- SEC Referente ao Proc Nº: 41020250252567
41020255023245;100/2026- SEC;bpm20.cmd@pm.ba.gov.br;Enviado;14/07/2026;17:11:46;;;178405990401.48290.8420227901741744987@DESKTOP-JIRCJML.localdomain;https://projudi.tjba.jus.br/projudi/acoes/VerCumprimento?codCumprimento=5993224;https://projudi.tjba.jus.br/projudi/listagens/DadosProcesso?numeroProcesso=41020255023245;https://projudi.tjba.jus.br/projudi/movimentacao/MovimentarProcesso?numeroProcesso=41020255023245&juntadaAr=true&codDocVinculado=5993224;https://projudi.tjba.jus.br/projudi/movimentacao/MarcaRecebimento?tipo=cumprimento&&codCumprimento=5993224;2ªVSJ - 100/2026- SEC Referente ao Proc Nº: 41020255023245
41020252314506;107/2026- SEC;dt.pauloafonso@pcivil.ba.gov.br;Enviado;14/07/2026;17:11:49;;;178405990691.48290.2076709271745873777@DESKTOP-JIRCJML.localdomain;https://projudi.tjba.jus.br/projudi/acoes/VerCumprimento?codCumprimento=5992807;https://projudi.tjba.jus.br/projudi/listagens/DadosProcesso?numeroProcesso=41020252314506;https://projudi.tjba.jus.br/projudi/movimentacao/MovimentarProcesso?numeroProcesso=41020252314506&juntadaAr=true&codDocVinculado=5992807;https://projudi.tjba.jus.br/projudi/movimentacao/MarcaRecebimento?tipo=cumprimento&&codCumprimento=5992807;2ªVSJ - 107/2026- SEC Referente ao Proc Nº: 41020252314506
41020244804002;114/2026- SEC;ciap.pauloafonso@seap.ba.gov.br;Enviado;14/07/2026;17:11:53;;;178405990963.48290.17323773207576754466@DESKTOP-JIRCJML.localdomain;https://projudi.tjba.jus.br/projudi/acoes/VerCumprimento?codCumprimento=5992792;https://projudi.tjba.jus.br/projudi/listagens/DadosProcesso?numeroProcesso=41020244804002;https://projudi.tjba.jus.br/projudi/movimentacao/MovimentarProcesso?numeroProcesso=41020244804002&juntadaAr=true&codDocVinculado=5992792;https://projudi.tjba.jus.br/projudi/movimentacao/MarcaRecebimento?tipo=cumprimento&&codCumprimento=5992792;2ªVSJ - 114/2026- SEC Referente ao Proc Nº: 41020244804002
41020261652912;92/2026- SEC;ciap.pauloafonso@seap.ba.gov.br;Enviado;14/07/2026;17:11:56;;;178405991313.48290.7524722556360920030@DESKTOP-JIRCJML.localdomain;https://projudi.tjba.jus.br/projudi/acoes/VerCumprimento?codCumprimento=5992759;https://projudi.tjba.jus.br/projudi/listagens/DadosProcesso?numeroProcesso=41020261652912;https://projudi.tjba.jus.br/projudi/movimentacao/MovimentarProcesso?numeroProcesso=41020261652912&juntadaAr=true&codDocVinculado=5992759;https://projudi.tjba.jus.br/projudi/movimentacao/MarcaRecebimento?tipo=cumprimento&&codCumprimento=5992759;2ªVSJ - 92/2026- SEC Referente ao Proc Nº: 41020261652912
41020253515606;113/2026- SEC;ciap.pauloafonso@seap.ba.gov.br;Enviado;14/07/2026;17:11:59;;;178405991606.48290.4711788392112240412@DESKTOP-JIRCJML.localdomain;https://projudi.tjba.jus.br/projudi/acoes/VerCumprimento?codCumprimento=5992638;https://projudi.tjba.jus.br/projudi/listagens/DadosProcesso?numeroProcesso=41020253515606;https://projudi.tjba.jus.br/projudi/movimentacao/MovimentarProcesso?numeroProcesso=41020253515606&juntadaAr=true&codDocVinculado=5992638;https://projudi.tjba.jus.br/projudi/movimentacao/MarcaRecebimento?tipo=cumprimento&&codCumprimento=5992638;2ªVSJ - 113/2026- SEC Referente ao Proc Nº: 41020253515606
41020261061049;109/2026- SEC;ciap.pauloafonso@seap.ba.gov.br;Enviado;14/07/2026;17:12:02;;;178405991950.48290.16009268316198860542@DESKTOP-JIRCJML.localdomain;https://projudi.tjba.jus.br/projudi/acoes/VerCumprimento?codCumprimento=5991110;https://projudi.tjba.jus.br/projudi/listagens/DadosProcesso?numeroProcesso=41020261061049;https://projudi.tjba.jus.br/projudi/movimentacao/MovimentarProcesso?numeroProcesso=41020261061049&juntadaAr=true&codDocVinculado=5991110;https://projudi.tjba.jus.br/projudi/movimentacao/MarcaRecebimento?tipo=cumprimento&&codCumprimento=5991110;2ªVSJ - 109/2026- SEC Referente ao Proc Nº: 41020261061049
41020260423745;108/2026- SEC;ciap.pauloafonso@seap.ba.gov.br;Enviado;14/07/2026;17:12:05;;;178405992234.48290.5948186013083671525@DESKTOP-JIRCJML.localdomain;https://projudi.tjba.jus.br/projudi/acoes/VerCumprimento?codCumprimento=5991101;https://projudi.tjba.jus.br/projudi/listagens/DadosProcesso?numeroProcesso=41020260423745;https://projudi.tjba.jus.br/projudi/movimentacao/MovimentarProcesso?numeroProcesso=41020260423745&juntadaAr=true&codDocVinculado=5991101;https://projudi.tjba.jus.br/projudi/movimentacao/MarcaRecebimento?tipo=cumprimento&&codCumprimento=5991101;2ªVSJ - 108/2026- SEC Referente ao Proc Nº: 41020260423745
41020261300413;103/2026- SEC;ciap.pauloafonso@seap.ba.gov.br;Enviado;14/07/2026;17:12:08;;;178405992511.48290.8586987378797710118@DESKTOP-JIRCJML.localdomain;https://projudi.tjba.jus.br/projudi/acoes/VerCumprimento?codCumprimento=5988514;https://projudi.tjba.jus.br/projudi/listagens/DadosProcesso?numeroProcesso=41020261300413;https://projudi.tjba.jus.br/projudi/movimentacao/MovimentarProcesso?numeroProcesso=41020261300413&juntadaAr=true&codDocVinculado=5988514;https://projudi.tjba.jus.br/projudi/movimentacao/MarcaRecebimento?tipo=cumprimento&&codCumprimento=5988514;2ªVSJ - 103/2026- SEC Referente ao Proc Nº: 41020261300413
41020253307996;106/2026- SEC;dt.pauloafonso@pcivil.ba.gov.br;Enviado;14/07/2026;17:12:11;;;178405992853.48290.12691353607886898803@DESKTOP-JIRCJML.localdomain;https://projudi.tjba.jus.br/projudi/acoes/VerCumprimento?codCumprimento=5984740;https://projudi.tjba.jus.br/projudi/listagens/DadosProcesso?numeroProcesso=41020253307996;https://projudi.tjba.jus.br/projudi/movimentacao/MovimentarProcesso?numeroProcesso=41020253307996&juntadaAr=true&codDocVinculado=5984740;https://projudi.tjba.jus.br/projudi/movimentacao/MarcaRecebimento?tipo=cumprimento&&codCumprimento=5984740;2ªVSJ - 106/2026- SEC Referente ao Proc Nº: 41020253307996
41020253697743;092/2026;cicom.pafonso@ssp.ba.gov.br;Enviado;14/07/2026;17:12:30;;;178405994786.48290.5527824416472086884@DESKTOP-JIRCJML.localdomain;https://projudi.tjba.jus.br/projudi/acoes/VerCumprimento?codCumprimento=5982368;https://projudi.tjba.jus.br/projudi/listagens/DadosProcesso?numeroProcesso=41020253697743;https://projudi.tjba.jus.br/projudi/movimentacao/MovimentarProcesso?numeroProcesso=41020253697743&juntadaAr=true&codDocVinculado=5982368;https://projudi.tjba.jus.br/projudi/movimentacao/MarcaRecebimento?tipo=cumprimento&&codCumprimento=5982368;2ªVSJ - 092/2026 Referente ao Proc Nº: 41020253697743
41020233555169;144/2026- SEC;ciap.pauloafonso@seap.ba.gov.br;Enviado;14/07/2026;17:12:33;;;178405995059.48290.3132332346520526951@DESKTOP-JIRCJML.localdomain;https://projudi.tjba.jus.br/projudi/acoes/VerCumprimento?codCumprimento=6064127;https://projudi.tjba.jus.br/projudi/listagens/DadosProcesso?numeroProcesso=41020233555169;https://projudi.tjba.jus.br/projudi/movimentacao/MovimentarProcesso?numeroProcesso=41020233555169&juntadaAr=true&codDocVinculado=6064127;https://projudi.tjba.jus.br/projudi/movimentacao/MarcaRecebimento?tipo=cumprimento&&codCumprimento=6064127;2ªVSJ - 144/2026- SEC Referente ao Proc Nº: 41020233555169
41020260575379;147/2026- SEC;bpm20.cmd@pm.ba.gov.br;Enviado;14/07/2026;17:12:36;;;178405995369.48290.777343074637416522@DESKTOP-JIRCJML.localdomain;https://projudi.tjba.jus.br/projudi/acoes/VerCumprimento?codCumprimento=6063998;https://projudi.tjba.jus.br/projudi/listagens/DadosProcesso?numeroProcesso=41020260575379;https://projudi.tjba.jus.br/projudi/movimentacao/MovimentarProcesso?numeroProcesso=41020260575379&juntadaAr=true&codDocVinculado=6063998;https://projudi.tjba.jus.br/projudi/movimentacao/MarcaRecebimento?tipo=cumprimento&&codCumprimento=6063998;2ªVSJ - 147/2026- SEC Referente ao Proc Nº: 41020260575379
41020250475044;146/2026- SEC;bpm20.cmd@pm.ba.gov.br;Enviado;14/07/2026;17:12:39;;;178405995654.48290.18148598413559734207@DESKTOP-JIRCJML.localdomain;https://projudi.tjba.jus.br/projudi/acoes/VerCumprimento?codCumprimento=6061993;https://projudi.tjba.jus.br/projudi/listagens/DadosProcesso?numeroProcesso=41020250475044;https://projudi.tjba.jus.br/projudi/movimentacao/MovimentarProcesso?numeroProcesso=41020250475044&juntadaAr=true&codDocVinculado=6061993;https://projudi.tjba.jus.br/projudi/movimentacao/MarcaRecebimento?tipo=cumprimento&&codCumprimento=6061993;2ªVSJ - 146/2026- SEC Referente ao Proc Nº: 41020250475044
41020261084017;145/2026- SEC;ciap.pauloafonso@seap.ba.gov.br;Enviado;14/07/2026;17:12:42;;;178405995946.48290.17641592055161936107@DESKTOP-JIRCJML.localdomain;https://projudi.tjba.jus.br/projudi/acoes/VerCumprimento?codCumprimento=6057152;https://projudi.tjba.jus.br/projudi/listagens/DadosProcesso?numeroProcesso=41020261084017;https://projudi.tjba.jus.br/projudi/movimentacao/MovimentarProcesso?numeroProcesso=41020261084017&juntadaAr=true&codDocVinculado=6057152;https://projudi.tjba.jus.br/projudi/movimentacao/MarcaRecebimento?tipo=cumprimento&&codCumprimento=6057152;2ªVSJ - 145/2026- SEC Referente ao Proc Nº: 41020261084017
41020254251565;142/2026- SEC;ciap.pauloafonso@seap.ba.gov.br;Enviado;14/07/2026;17:12:45;;;178405996241.48290.2831111963536186045@DESKTOP-JIRCJML.localdomain;https://projudi.tjba.jus.br/projudi/acoes/VerCumprimento?codCumprimento=6057149;https://projudi.tjba.jus.br/projudi/listagens/DadosProcesso?numeroProcesso=41020254251565;https://projudi.tjba.jus.br/projudi/movimentacao/MovimentarProcesso?numeroProcesso=41020254251565&juntadaAr=true&codDocVinculado=6057149;https://projudi.tjba.jus.br/projudi/movimentacao/MarcaRecebimento?tipo=cumprimento&&codCumprimento=6057149;2ªVSJ - 142/2026- SEC Referente ao Proc Nº: 41020254251565
41020240005075;135/2026- SEC;ciap.pauloafonso@seap.ba.gov.br;Enviado;14/07/2026;17:12:48;;;178405996546.48290.4892533345336821185@DESKTOP-JIRCJML.localdomain;https://projudi.tjba.jus.br/projudi/acoes/VerCumprimento?codCumprimento=6056420;https://projudi.tjba.jus.br/projudi/listagens/DadosProcesso?numeroProcesso=41020240005075;https://projudi.tjba.jus.br/projudi/movimentacao/MovimentarProcesso?numeroProcesso=41020240005075&juntadaAr=true&codDocVinculado=6056420;https://projudi.tjba.jus.br/projudi/movimentacao/MarcaRecebimento?tipo=cumprimento&&codCumprimento=6056420;2ªVSJ - 135/2026- SEC Referente ao Proc Nº: 41020240005075
41020260669495;149/2026- SEC;coordsegcppa@seap.ba.gov.br;Enviado;14/07/2026;17:12:51;;;178405996889.48290.1309200627621266165@DESKTOP-JIRCJML.localdomain;https://projudi.tjba.jus.br/projudi/acoes/VerCumprimento?codCumprimento=6049976;https://projudi.tjba.jus.br/projudi/listagens/DadosProcesso?numeroProcesso=41020260669495;https://projudi.tjba.jus.br/projudi/movimentacao/MovimentarProcesso?numeroProcesso=41020260669495&juntadaAr=true&codDocVinculado=6049976;https://projudi.tjba.jus.br/projudi/movimentacao/MarcaRecebimento?tipo=cumprimento&&codCumprimento=6049976;2ªVSJ - 149/2026- SEC Referente ao Proc Nº: 41020260669495
41020233738468;141/2026- SEC;ciap.pauloafonso@seap.ba.gov.br;Enviado;14/07/2026;17:12:54;;;178405997169.48290.13529987466636080023@DESKTOP-JIRCJML.localdomain;https://projudi.tjba.jus.br/projudi/acoes/VerCumprimento?codCumprimento=6038962;https://projudi.tjba.jus.br/projudi/listagens/DadosProcesso?numeroProcesso=41020233738468;https://projudi.tjba.jus.br/projudi/movimentacao/MovimentarProcesso?numeroProcesso=41020233738468&juntadaAr=true&codDocVinculado=6038962;https://projudi.tjba.jus.br/projudi/movimentacao/MarcaRecebimento?tipo=cumprimento&&codCumprimento=6038962;2ªVSJ - 141/2026- SEC Referente ao Proc Nº: 41020233738468
41020254496376;140/2026- SEC;ciap.pauloafonso@seap.ba.gov.br;Enviado;14/07/2026;17:12:58;;;178405997459.48290.9398437603733336101@DESKTOP-JIRCJML.localdomain;https://projudi.tjba.jus.br/projudi/acoes/VerCumprimento?codCumprimento=6034826;https://projudi.tjba.jus.br/projudi/listagens/DadosProcesso?numeroProcesso=41020254496376;https://projudi.tjba.jus.br/projudi/movimentacao/MovimentarProcesso?numeroProcesso=41020254496376&juntadaAr=true&codDocVinculado=6034826;https://projudi.tjba.jus.br/projudi/movimentacao/MarcaRecebimento?tipo=cumprimento&&codCumprimento=6034826;2ªVSJ - 140/2026- SEC Referente ao Proc Nº: 41020254496376
41020253143045;139/2026- SEC;ciap.pauloafonso@seap.ba.gov.br;Enviado;14/07/2026;17:13:01;;;178405997847.48290.8331430688418741694@DESKTOP-JIRCJML.localdomain;https://projudi.tjba.jus.br/projudi/acoes/VerCumprimento?codCumprimento=6034738;https://projudi.tjba.jus.br/projudi/listagens/DadosProcesso?numeroProcesso=41020253143045;https://projudi.tjba.jus.br/projudi/movimentacao/MovimentarProcesso?numeroProcesso=41020253143045&juntadaAr=true&codDocVinculado=6034738;https://projudi.tjba.jus.br/projudi/movimentacao/MarcaRecebimento?tipo=cumprimento&&codCumprimento=6034738;2ªVSJ - 139/2026- SEC Referente ao Proc Nº: 41020253143045
41020251813185;139/2026- SEC;ciap.pauloafonso@seap.ba.gov.br;Enviado;14/07/2026;17:13:04;;;178405998149.48290.5716921085033864477@DESKTOP-JIRCJML.localdomain;https://projudi.tjba.jus.br/projudi/acoes/VerCumprimento?codCumprimento=6034735;https://projudi.tjba.jus.br/projudi/listagens/DadosProcesso?numeroProcesso=41020251813185;https://projudi.tjba.jus.br/projudi/movimentacao/MovimentarProcesso?numeroProcesso=41020251813185&juntadaAr=true&codDocVinculado=6034735;https://projudi.tjba.jus.br/projudi/movimentacao/MarcaRecebimento?tipo=cumprimento&&codCumprimento=6034735;2ªVSJ - 139/2026- SEC Referente ao Proc Nº: 41020251813185
41020262051510;138/2026- SEC;ciap.pauloafonso@seap.ba.gov.br;Enviado;14/07/2026;17:13:07;;;178405998429.48290.11643329672203356048@DESKTOP-JIRCJML.localdomain;https://projudi.tjba.jus.br/projudi/acoes/VerCumprimento?codCumprimento=6029277;https://projudi.tjba.jus.br/projudi/listagens/DadosProcesso?numeroProcesso=41020262051510;https://projudi.tjba.jus.br/projudi/movimentacao/MovimentarProcesso?numeroProcesso=41020262051510&juntadaAr=true&codDocVinculado=6029277;https://projudi.tjba.jus.br/projudi/movimentacao/MarcaRecebimento?tipo=cumprimento&&codCumprimento=6029277;2ªVSJ - 138/2026- SEC Referente ao Proc Nº: 41020262051510
41020234573351;136/2026- SEC;ciap.pauloafonso@seap.ba.gov.br;Enviado;14/07/2026;17:13:10;;;178405998731.48290.3491188558678246616@DESKTOP-JIRCJML.localdomain;https://projudi.tjba.jus.br/projudi/acoes/VerCumprimento?codCumprimento=6027655;https://projudi.tjba.jus.br/projudi/listagens/DadosProcesso?numeroProcesso=41020234573351;https://projudi.tjba.jus.br/projudi/movimentacao/MovimentarProcesso?numeroProcesso=41020234573351&juntadaAr=true&codDocVinculado=6027655;https://projudi.tjba.jus.br/projudi/movimentacao/MarcaRecebimento?tipo=cumprimento&&codCumprimento=6027655;2ªVSJ - 136/2026- SEC Referente ao Proc Nº: 41020234573351
41020260347860;137/2026- SEC;ciap.pauloafonso@seap.ba.gov.br;Enviado;14/07/2026;17:13:12;;;178405999010.48290.5301717479913749927@DESKTOP-JIRCJML.localdomain;https://projudi.tjba.jus.br/projudi/acoes/VerCumprimento?codCumprimento=6022662;https://projudi.tjba.jus.br/projudi/listagens/DadosProcesso?numeroProcesso=41020260347860;https://projudi.tjba.jus.br/projudi/movimentacao/MovimentarProcesso?numeroProcesso=41020260347860&juntadaAr=true&codDocVinculado=6022662;https://projudi.tjba.jus.br/projudi/movimentacao/MarcaRecebimento?tipo=cumprimento&&codCumprimento=6022662;2ªVSJ - 137/2026- SEC Referente ao Proc Nº: 41020260347860
41020254564843;131/2026- SEC;dt.pauloafonso@pcivil.ba.gov.br;Enviado;14/07/2026;17:13:16;;;178405999295.48290.2795329161226200103@DESKTOP-JIRCJML.localdomain;https://projudi.tjba.jus.br/projudi/acoes/VerCumprimento?codCumprimento=6022482;https://projudi.tjba.jus.br/projudi/listagens/DadosProcesso?numeroProcesso=41020254564843;https://projudi.tjba.jus.br/projudi/movimentacao/MovimentarProcesso?numeroProcesso=41020254564843&juntadaAr=true&codDocVinculado=6022482;https://projudi.tjba.jus.br/projudi/movimentacao/MarcaRecebimento?tipo=cumprimento&&codCumprimento=6022482;2ªVSJ - 131/2026- SEC Referente ao Proc Nº: 41020254564843
41020211745923;148/2026 - SEC;coordsegcppa@seap.ba.gov.br;Enviado;14/07/2026;17:13:19;;;178405999633.48290.15452696152771339683@DESKTOP-JIRCJML.localdomain;https://projudi.tjba.jus.br/projudi/acoes/VerCumprimento?codCumprimento=6020112;https://projudi.tjba.jus.br/projudi/listagens/DadosProcesso?numeroProcesso=41020211745923;https://projudi.tjba.jus.br/projudi/movimentacao/MovimentarProcesso?numeroProcesso=41020211745923&juntadaAr=true&codDocVinculado=6020112;https://projudi.tjba.jus.br/projudi/movimentacao/MarcaRecebimento?tipo=cumprimento&&codCumprimento=6020112;2ªVSJ - 148/2026 - SEC Referente ao Proc Nº: 41020211745923
41020255248321;117/2026- SEC;ciap.pauloafonso@seap.ba.gov.br;Enviado;14/07/2026;17:13:21;;;178405999903.48290.6090342577439101924@DESKTOP-JIRCJML.localdomain;https://projudi.tjba.jus.br/projudi/acoes/VerCumprimento?codCumprimento=6017599;https://projudi.tjba.jus.br/projudi/listagens/DadosProcesso?numeroProcesso=41020255248321;https://projudi.tjba.jus.br/projudi/movimentacao/MovimentarProcesso?numeroProcesso=41020255248321&juntadaAr=true&codDocVinculado=6017599;https://projudi.tjba.jus.br/projudi/movimentacao/MarcaRecebimento?tipo=cumprimento&&codCumprimento=6017599;2ªVSJ - 117/2026- SEC Referente ao Proc Nº: 41020255248321
41020255113574;132/2026- SEC;dt.pauloafonso@pcivil.ba.gov.br;Enviado;14/07/2026;17:13:24;;;178406000178.48290.2652699372542511998@DESKTOP-JIRCJML.localdomain;https://projudi.tjba.jus.br/projudi/acoes/VerCumprimento?codCumprimento=6017515;https://projudi.tjba.jus.br/projudi/listagens/DadosProcesso?numeroProcesso=41020255113574;https://projudi.tjba.jus.br/projudi/movimentacao/MovimentarProcesso?numeroProcesso=41020255113574&juntadaAr=true&codDocVinculado=6017515;https://projudi.tjba.jus.br/projudi/movimentacao/MarcaRecebimento?tipo=cumprimento&&codCumprimento=6017515;2ªVSJ - 132/2026- SEC Referente ao Proc Nº: 41020255113574
41020260783551;112/2026- SEC;ciap.pauloafonso@seap.ba.gov.br;Enviado;14/07/2026;17:13:28;;;178406000477.48290.11456597420157745245@DESKTOP-JIRCJML.localdomain;https://projudi.tjba.jus.br/projudi/acoes/VerCumprimento?codCumprimento=6015792;https://projudi.tjba.jus.br/projudi/listagens/DadosProcesso?numeroProcesso=41020260783551;https://projudi.tjba.jus.br/projudi/movimentacao/MovimentarProcesso?numeroProcesso=41020260783551&juntadaAr=true&codDocVinculado=6015792;https://projudi.tjba.jus.br/projudi/movimentacao/MarcaRecebimento?tipo=cumprimento&&codCumprimento=6015792;2ªVSJ - 112/2026- SEC Referente ao Proc Nº: 41020260783551
41020261605324;110/2026- SEC;ciap.pauloafonso@seap.ba.gov.br;Enviado;14/07/2026;17:13:31;;;178406000831.48290.2838468681594851647@DESKTOP-JIRCJML.localdomain;https://projudi.tjba.jus.br/projudi/acoes/VerCumprimento?codCumprimento=6015217;https://projudi.tjba.jus.br/projudi/listagens/DadosProcesso?numeroProcesso=41020261605324;https://projudi.tjba.jus.br/projudi/movimentacao/MovimentarProcesso?numeroProcesso=41020261605324&juntadaAr=true&codDocVinculado=6015217;https://projudi.tjba.jus.br/projudi/movimentacao/MarcaRecebimento?tipo=cumprimento&&codCumprimento=6015217;2ªVSJ - 110/2026- SEC Referente ao Proc Nº: 41020261605324
41020261854427;128/2026- SEC;ciap.pauloafonso@seap.ba.gov.br;Enviado;14/07/2026;17:13:34;;;178406001186.48290.8933367309655772348@DESKTOP-JIRCJML.localdomain;https://projudi.tjba.jus.br/projudi/acoes/VerCumprimento?codCumprimento=6012997;https://projudi.tjba.jus.br/projudi/listagens/DadosProcesso?numeroProcesso=41020261854427;https://projudi.tjba.jus.br/projudi/movimentacao/MovimentarProcesso?numeroProcesso=41020261854427&juntadaAr=true&codDocVinculado=6012997;https://projudi.tjba.jus.br/projudi/movimentacao/MarcaRecebimento?tipo=cumprimento&&codCumprimento=6012997;2ªVSJ - 128/2026- SEC Referente ao Proc Nº: 41020261854427
41020261857800;126/2026- SEC;ciap.pauloafonso@seap.ba.gov.br;Enviado;14/07/2026;17:13:37;;;178406001475.48290.7554340490475057244@DESKTOP-JIRCJML.localdomain;https://projudi.tjba.jus.br/projudi/acoes/VerCumprimento?codCumprimento=6012995;https://projudi.tjba.jus.br/projudi/listagens/DadosProcesso?numeroProcesso=41020261857800;https://projudi.tjba.jus.br/projudi/movimentacao/MovimentarProcesso?numeroProcesso=41020261857800&juntadaAr=true&codDocVinculado=6012995;https://projudi.tjba.jus.br/projudi/movimentacao/MarcaRecebimento?tipo=cumprimento&&codCumprimento=6012995;2ªVSJ - 126/2026- SEC Referente ao Proc Nº: 41020261857800
41020253030028;125/2026- SEC;ciap.pauloafonso@seap.ba.gov.br;Enviado;14/07/2026;17:13:40;;;178406001769.48290.11007192582231605285@DESKTOP-JIRCJML.localdomain;https://projudi.tjba.jus.br/projudi/acoes/VerCumprimento?codCumprimento=6012986;https://projudi.tjba.jus.br/projudi/listagens/DadosProcesso?numeroProcesso=41020253030028;https://projudi.tjba.jus.br/projudi/movimentacao/MovimentarProcesso?numeroProcesso=41020253030028&juntadaAr=true&codDocVinculado=6012986;https://projudi.tjba.jus.br/projudi/movimentacao/MarcaRecebimento?tipo=cumprimento&&codCumprimento=6012986;2ªVSJ - 125/2026- SEC Referente ao Proc Nº: 41020253030028
41020261253760;127/2026- SEC;ciap.pauloafonso@seap.ba.gov.br;Enviado;14/07/2026;17:13:43;;;178406002054.48290.15430580189380366846@DESKTOP-JIRCJML.localdomain;https://projudi.tjba.jus.br/projudi/acoes/VerCumprimento?codCumprimento=6009717;https://projudi.tjba.jus.br/projudi/listagens/DadosProcesso?numeroProcesso=41020261253760;https://projudi.tjba.jus.br/projudi/movimentacao/MovimentarProcesso?numeroProcesso=41020261253760&juntadaAr=true&codDocVinculado=6009717;https://projudi.tjba.jus.br/projudi/movimentacao/MarcaRecebimento?tipo=cumprimento&&codCumprimento=6009717;2ªVSJ - 127/2026- SEC Referente ao Proc Nº: 41020261253760
41020260680500;094/2026;ciap.pauloafonso@seap.ba.gov.br;Enviado;14/07/2026;17:13:46;;;178406002358.48290.5039321256380154516@DESKTOP-JIRCJML.localdomain;https://projudi.tjba.jus.br/projudi/acoes/VerCumprimento?codCumprimento=6008357;https://projudi.tjba.jus.br/projudi/listagens/DadosProcesso?numeroProcesso=41020260680500;https://projudi.tjba.jus.br/projudi/movimentacao/MovimentarProcesso?numeroProcesso=41020260680500&juntadaAr=true&codDocVinculado=6008357;https://projudi.tjba.jus.br/projudi/movimentacao/MarcaRecebimento?tipo=cumprimento&&codCumprimento=6008357;2ªVSJ - 094/2026 Referente ao Proc Nº: 41020260680500
41020241993741;129/2026- SEC;liviagracielle.silva@seap.ba.gov.br;Enviado;14/07/2026;17:13:49;;;178406002665.48290.5037664939290247554@DESKTOP-JIRCJML.localdomain;https://projudi.tjba.jus.br/projudi/acoes/VerCumprimento?codCumprimento=6004028;https://projudi.tjba.jus.br/projudi/listagens/DadosProcesso?numeroProcesso=41020241993741;https://projudi.tjba.jus.br/projudi/movimentacao/MovimentarProcesso?numeroProcesso=41020241993741&juntadaAr=true&codDocVinculado=6004028;https://projudi.tjba.jus.br/projudi/movimentacao/MarcaRecebimento?tipo=cumprimento&&codCumprimento=6004028;2ªVSJ - 129/2026- SEC Referente ao Proc Nº: 41020241993741
41020240204686;93/2026- SEC;ciap.pauloafonso@seap.ba.gov.br;Enviado;14/07/2026;17:13:53;;;178406002992.48290.4795181579826015732@DESKTOP-JIRCJML.localdomain;https://projudi.tjba.jus.br/projudi/acoes/VerCumprimento?codCumprimento=6003790;https://projudi.tjba.jus.br/projudi/listagens/DadosProcesso?numeroProcesso=41020240204686;https://projudi.tjba.jus.br/projudi/movimentacao/MovimentarProcesso?numeroProcesso=41020240204686&juntadaAr=true&codDocVinculado=6003790;https://projudi.tjba.jus.br/projudi/movimentacao/MarcaRecebimento?tipo=cumprimento&&codCumprimento=6003790;2ªVSJ - 93/2026- SEC Referente ao Proc Nº: 41020240204686
